Province,Year,Number of projects,Total registered capital (Mill. USD),Income,Poverty Rate,Number of Enterprises,Employment Rate,Trained Labour Rate,Governance Score,Quintile 1,Quintile 2,Quintile 3,Quintile 4,Quintile 5,Ratio,Index of Industrial Output,RuralPop,UrbanPop,UrbanPercent,RuralPercent
Hà Nội,2011,2253,23596000000,2013000,4.3,72455,52.1,30.6,36.41,542,981,1470,2239,4834,8.918819188,105.1,3867900,2857800,0.424907445,0.575092555
Hà Nội,2013,2702,22404000000,2945000,2.9,86014,52.9,36.2,37.16,804,1560,2271,3255,6829,8.493781095,104.5,4150500,2826500,0.405116812,0.594883188
Hà Nội,2014,3051,23824700000,4112000,2.3,91428,52,38.4,35.8,1223,2049,2868,4052,10380,8.487326247,104.2,3939900,3156000,0.444763878,0.555236122
Hà Nội,2015,3467,25490900000,4113000,1.8,103659,52,43.8,34.1,1224,2048,2864,4046,10368,8.470588235,108.3,3783100,3650500,0.491081038,0.508918963
Hà Nội,2016,3960,25748800000,5057000,1.4,110169,51.2,42.7,33.81,1510,2622,3576,4798,12791,8.470860927,107.3,3857700,3733000,0.491786001,0.508213999
Hà Nội,2017,4500,27638000000,4875000,1.3,133981,50.7,44.2,34.63,1390,2622,3576,4857,11941,8.590647482,107,3932200,3810000,0.492108186,0.507891814
Hà Nội,2018,5110,33134700000,6054000,0.9,143119,50.4,42,35.42,1558,3528,4680,6301,14225,9.13029525,106.9,4009600,3904800,0.493379157,0.506620843
Hà Nội,2019,5970,34343700000,6403000,0.7,155940,50,48.1,34.96,1529,3637,5600,7253,14008,9.161543492,108.5,4093600,4000300,0.4942364,0.5057636
Hà Nội,2020,6382,36236700000,6205000,0.5,165875,49,48.5,35.75,2084,3829,5145,7087,12913,6.196257198,104.7,4185500,4061100,0.492457498,0.507542502
Hà Nội,2021,6700,37582100000,6002000,0.4,178493,46.1,50.3,37.68,1998,3381,4544,7471,12631,6.321821822,104.8,4235500,4095400,0.491591545,0.508408455
Vĩnh Phúc,2011,143,2273600000,1232000,8.8,2339,59,15.1,35.78,419,684,995,1395,2659,6.346062053,117.4,778600,232800,0.230175994,0.769824006
Vĩnh Phúc,2013,166,2774200000,1867000,6,2682,59,20.5,37.76,629,1092,1526,2018,4060,6.454689984,114,785600,243800,0.236836992,0.763163008
Vĩnh Phúc,2014,210,3181700000,2377000,4.9,2762,60,20.7,37.55,796,1393,1904,2679,5140,6.457286432,97.1,799000,242900,0.233131779,0.766868222
Vĩnh Phúc,2015,268,3781500000,2378000,3.7,2895,57.2,22.3,35.57,794,1391,1902,2672,5122,6.450881612,101.6,836100,254200,0.23314684,0.76685316
Vĩnh Phúc,2016,266,3874700000,2847000,5.1,3731,58.2,19.7,35.42,962,1730,2318,3067,6280,6.528066528,105.8,848300,257900,0.233140481,0.766859519
Vĩnh Phúc,2017,312,4038100000,2860000,4.5,5674,54.8,22.1,35.89,957,1730,2318,3067,6280,6.562173459,107.5,861400,261700,0.23301576,0.76698424
Vĩnh Phúc,2018,365,4527100000,3698000,3.4,6398,54.6,22.4,37.62,1096,2316,3092,4079,7939,7.243613139,114.5,853200,285200,0.250527056,0.749472945
Vĩnh Phúc,2019,417,5078900000,4086000,2.9,7069,55.2,24.9,37,1186,2740,3453,4455,8637,7.282462057,111.1,859600,295200,0.25562868,0.74437132
Vĩnh Phúc,2020,451,5271800000,4290000,2.5,7758,53.1,28.6,37.77,2009,3063,3608,4542,8277,4.119960179,99.4,820300,351000,0.299667037,0.700332963
Vĩnh Phúc,2021,477,6518200000,4511000,2.3,8322,47.8,34.7,31.73,1865,3012,3839,4949,8916,4.780697051,111.4,833500,358300,0.300637691,0.699362309
Bắc Ninh,2011,251,2957000000,1646000,5.9,3354,55.1,18.9,35.14,534,918,1231,1637,3899,7.301498127,105.8,784400,276000,0.26027914,0.73972086
Bắc Ninh,2013,416,5890900000,2502000,3.6,3915,56.7,20.4,36.93,805,1424,1901,2526,5831,7.243478261,149.2,818800,289300,0.26107752,0.73892248
Bắc Ninh,2014,566,7668600000,3748000,2.6,4303,57.1,21.1,35.25,1259,2053,2731,3617,9120,7.243844321,87.5,819800,311400,0.275282885,0.724717115
Bắc Ninh,2015,721,11328300000,3512000,2.1,4492,57.7,21.4,39.04,1255,2045,2710,3375,8160,6.501992032,112,882400,336100,0.27583094,0.72416906
Bắc Ninh,2016,936,12572500000,4346000,1.9,5318,55.6,23.4,38.03,1553,2530,3282,4314,10092,6.498390212,105.1,912400,345500,0.274664123,0.725335877
Bắc Ninh,2017,1138,16178400000,4308000,1.4,8622,55.7,22.4,39.2,1505,2530,3282,4349,9916,6.588704319,135.5,942500,355300,0.273770997,0.726229003
Bắc Ninh,2018,1304,17289000000,5445000,1.1,9915,55.2,28,37.65,1802,3263,4214,5653,12489,6.93063263,107.4,971700,365600,0.273386675,0.726613325
Bắc Ninh,2019,1518,18962200000,5714000,0.8,11349,55.1,28,36.28,1768,3448,4911,6192,12284,6.947963801,88.6,997700,380900,0.276294792,0.723705208
Bắc Ninh,2020,1635,19812700000,5439000,0.7,12769,53.5,27.8,38.69,2424,3659,4674,6117,10366,4.27640264,103.9,972600,446600,0.314684329,0.685315671
Bắc Ninh,2021,1717,22485200000,4917000,0.6,13944,51,33.5,0,1925,3222,4296,5573,9595,4.984415584,109.3,926800,536100,0.366463873,0.633536127
Quảng Ninh,2011,95,3794000000,1787000,6.5,3451,57,28.3,34.91,471,975,1522,2152,3812,8.093418259,80.1,558600,608400,0.521336761,0.478663239
Quảng Ninh,2013,104,4590600000,2557000,4.3,3827,59.4,32.5,33.89,689,1383,2171,3039,5483,7.957910015,102.3,456200,731200,0.615799225,0.384200775
Quảng Ninh,2014,113,5237300000,3052000,4.1,3794,57.5,36.1,34.85,820,1879,2610,3455,6516,7.946341463,104.7,465100,734300,0.612222778,0.387777222
Quảng Ninh,2015,111,5380700000,3053000,4,4413,55.4,31.1,35.41,816,1873,2606,3450,6507,7.974264706,105.2,508100,733500,0.590769974,0.409230026
Quảng Ninh,2016,123,5976400000,3791000,4.3,5761,54.8,34.2,32.98,1130,2120,2933,3809,9015,7.977876106,100.1,499800,761500,0.603742171,0.396257829
Quảng Ninh,2017,119,5864100000,3747000,3.8,7828,54.9,32.9,36.72,1088,2120,2933,3819,8826,8.112132353,103.1,492300,792900,0.616946779,0.383053221
Quảng Ninh,2018,121,6231300000,4777000,2.5,8455,54.6,35.6,26.34,1350,2767,3569,4521,11704,8.66962963,108.7,481800,822100,0.630493136,0.369506864
Quảng Ninh,2019,129,6317000000,5198000,2.2,8907,54.1,37.7,39.31,1298,3173,4528,5711,11325,8.724961479,113.5,471200,853700,0.644350517,0.355649483
Quảng Ninh,2020,143,6787700000,4539000,2.1,9231,50.4,38.7,40.71,1514,2992,4253,5385,8587,5.671730515,108.9,475700,861900,0.644363038,0.355636962
Quảng Ninh,2021,152,7950000000,3992000,1.8,9468,48.4,41.4,0,1695,2806,3573,4621,7286,4.298525074,113.5,434200,916700,0.678584647,0.321415353
Hải Dương,2011,253,5286100000,1306000,9.4,3747,61.7,13.4,36.9,441,811,1125,1512,2634,5.972789116,103.6,1346100,377400,0.21897302,0.78102698
Hải Dương,2013,288,5966300000,2047000,6.2,3959,60.8,13.4,39.02,701,1261,1747,2310,4207,6.001426534,108.1,1363700,388100,0.221543555,0.778456445
Hải Dương,2014,327,6539300000,2755000,4.7,4103,58.3,15,36.21,994,1688,2221,2923,5970,6.006036217,114.6,1355800,407400,0.231057169,0.768942831
Hải Dương,2015,376,7385200000,2755000,3.5,4612,57.8,19,37.42,992,1681,2216,2919,5959,6.007056452,110.6,1403000,409800,0.226059135,0.773940865
Hải Dương,2016,383,7449200000,3153000,3.6,5501,56.8,19.1,38.03,1109,1955,2614,3441,6667,6.011722272,108.8,1406200,426600,0.232758621,0.767241379
Hải Dương,2017,385,7847100000,3169000,3.1,7427,56.7,20.8,38.73,1105,1955,2614,3441,6751,6.109502262,109.6,1407000,443600,0.239706041,0.760293959
Hải Dương,2018,405,7758300000,3693000,2.3,8208,55.5,17.5,36.54,1172,2408,3085,3926,7893,6.734641638,110,1414300,463400,0.246791287,0.753208713
Hải Dương,2019,452,8178000000,4091000,2,8981,55.6,22.1,38.04,1302,2414,3527,4410,8822,6.775729647,110.2,1302700,594200,0.313247931,0.686752069
Hải Dương,2020,477,8804200000,4388000,1.8,9687,52.2,24.8,36.63,2059,3151,3873,4797,8082,3.925206411,102.4,1313500,603200,0.31470757,0.68529243
Hải Dương,2021,493,8886100000,4304000,1.7,10126,48,30.4,31.65,1695,2890,3642,4478,8839,5.214749263,112.6,1323600,613200,0.316604709,0.683395291
Hải Phòng,2011,338,6133200000,1694000,5.8,7548,55.4,23.6,34.2,510,865,1219,1806,4069,7.978431373,128.8,1008500,871300,0.463506756,0.536493244
Hải Phòng,2013,392,9978500000,2526000,4.5,8461,55.9,26.6,35.48,759,1508,1943,2545,5862,7.723320158,106.5,1027900,897300,0.466081446,0.533918554
Hải Phòng,2014,452,11281200000,3922000,3.8,8482,55.8,27.6,34.97,1323,2123,2646,3337,10208,7.71579743,112.9,1036900,909100,0.467163412,0.532836588
Hải Phòng,2015,513,11651300000,3923000,2.9,9789,56.3,32.1,34.15,1319,2118,2643,3331,10165,7.706595906,116.6,1067600,901900,0.457933486,0.542066514
Hải Phòng,2016,561,14464500000,4614000,2.1,12262,55.4,32.3,35.55,1537,2443,3189,4097,11852,7.711125569,116.9,1077200,908100,0.457411978,0.542588022
Hải Phòng,2017,606,15208800000,4375000,1.9,21598,54.8,33.8,35.81,1380,2443,3189,4120,10787,7.816666667,120,1087000,914400,0.456880184,0.543119816
Hải Phòng,2018,715,17672200000,5116000,1.4,21613,54.7,31.3,35.45,1415,3256,3999,5083,11849,8.37385159,125.3,1096200,920300,0.456384825,0.543615175
Hải Phòng,2019,779,18748600000,5576000,1.2,19918,53.6,31.6,34.15,1449,3389,4858,6064,12152,8.38647343,124.3,1106400,926900,0.455859932,0.544140068
Hải Phòng,2020,851,20314000000,5199000,0.9,20195,51.4,34.7,35.89,2404,3716,4640,5843,9432,3.923460899,114.6,1120900,932500,0.454124866,0.545875134
Hải Phòng,2021,897,23609100000,5093000,0.8,19806,48.8,36,32.62,2265,3518,4407,5679,9611,4.243267108,118.7,1129200,943200,0.455124493,0.544875507
Hưng Yên,2011,214,1785200000,1199000,9.4,2082,60.8,13.2,33.5,420,740,1006,1328,2490,5.928571429,117.9,995700,144200,0.126502325,0.873497675
Hưng Yên,2013,273,2301900000,1803000,6.3,2503,60.5,17.7,36.76,648,1163,1564,2048,3589,5.538580247,107.2,1001600,150000,0.13025356,0.86974644
Hưng Yên,2014,327,2837500000,2191000,4.7,2630,59.9,20,35.86,802,1410,1849,2471,4447,5.544887781,107.5,1006200,151800,0.131088083,0.868911917
Hưng Yên,2015,372,3443500000,2192000,3.5,3047,59.3,19,35.05,799,1406,1846,2462,4435,5.55068836,108.7,1055900,146100,0.121547421,0.878452579
Hưng Yên,2016,404,3597500000,2881000,4.2,3635,59,21.3,37.46,1104,1792,2346,3074,6129,5.551630435,108.5,1067600,147900,0.121678322,0.878321678
Hưng Yên,2017,396,4242400000,2895000,3.7,5820,57.5,19.9,35.86,1100,1792,2346,3074,6207,5.642727273,109.4,1079300,149500,0.121663412,0.878336589
Hưng Yên,2018,424,4448900000,3843000,2.8,6602,57.1,20.4,36.78,1408,2404,3039,3923,8489,6.029119318,110.7,1090900,151500,0.121941404,0.878058596
Hưng Yên,2019,470,4899400000,4183000,2.3,7173,56.8,25.3,35.7,1456,2398,3610,4642,8835,6.067994505,111.6,1048500,207300,0.165074056,0.834925944
Hưng Yên,2020,488,5277600000,4043000,1.9,7669,55.6,26.4,36.52,1712,2879,3604,4551,7488,4.373831776,107.2,1059400,209700,0.165235206,0.834764794
Hưng Yên,2021,515,6099500000,4192000,1.8,8324,52,26.7,33.32,1622,3001,3857,4912,7591,4.680024661,108.7,1071000,213600,0.16627744,0.83372256
Thái Bình,2011,32,254300000,1129000,9.3,2230,62.4,12.6,36.15,409,683,930,1239,2384,5.828850856,103.6,1607300,178600,0.100005599,0.899994401
Thái Bình,2013,34,272600000,1729000,6.9,2385,60.7,13.1,39.31,614,1072,1501,1969,3491,5.685667752,114.1,1609300,178800,0.099994407,0.900005593
Thái Bình,2014,41,339900000,2468000,5.6,2370,61.3,15,38.19,890,1524,1994,2661,5278,5.930337079,101.8,1609700,179000,0.100072679,0.899927322
Thái Bình,2015,61,472500000,2469000,4.6,2574,60.6,15.3,37.41,888,1522,1992,2658,5273,5.938063063,108.3,1643200,187200,0.102272727,0.897727273
Thái Bình,2016,69,511300000,2798000,4.7,3114,60.6,13.5,37.73,1001,1684,2606,3067,5948,5.942057942,112.3,1648500,189600,0.103149992,0.896850008
Thái Bình,2017,75,605700000,2812000,4,4480,60,15.5,38.31,995,1684,2306,3067,6024,6.054271357,116.5,1654100,192000,0.104003033,0.895996967
Thái Bình,2018,81,647200000,3547000,2.9,4838,59.9,18.4,37.86,1060,2401,3111,4081,7090,6.688679245,115.1,1659600,194500,0.104902648,0.895097352
Thái Bình,2019,87,706400000,3866000,2.4,4991,60.2,15.3,36.99,1240,2265,3327,4205,8321,6.710483871,115.9,1665200,197000,0.105788852,0.894211148
Thái Bình,2020,97,817000000,4209000,2.1,5152,57.4,17.9,37.14,1826,3129,3985,4850,7287,3.990690033,96,1650800,219500,0.117360851,0.882639149
Thái Bình,2021,104,1399100000,4334000,1.9,5481,50.3,19.3,33.11,2167,3425,4148,4904,7036,3.246885095,114,1654100,221600,0.11814256,0.88185744
Hà Nam,2011,42,407500000,1150000,10.5,1550,58.3,14.9,35.67,418,691,938,1243,2456,5.875598086,102.8,704500,82400,0.104714703,0.895285297
Hà Nam,2013,79,647300000,1754000,7.9,1896,59,16.1,37.16,587,1094,1551,2067,3449,5.875638842,110.9,673300,122700,0.154145729,0.845854271
Hà Nam,2014,112,944200000,2198000,6.6,1964,58.3,16.3,37.3,747,1335,1861,2551,4516,6.045515395,111.9,675800,123500,0.154510196,0.845489804
Hà Nam,2015,165,1438500000,2198000,5.5,2182,58.4,16.9,35.8,740,1327,1859,2543,4499,6.07972973,124.8,691200,133000,0.1613686,0.8386314
Hà Nam,2016,196,2118300000,2814000,4.9,2337,57.8,16.3,37.01,944,1740,2458,3226,7540,7.987288136,111.1,696600,135600,0.162941601,0.837058399
Hà Nam,2017,215,2437600000,2826000,4.1,3352,57.1,18.1,37.58,937,1740,2458,3226,5810,6.200640342,112.8,701600,138200,0.164562991,0.835437009
Hà Nam,2018,253,2801500000,3608000,2.8,3751,56.6,20.8,36.81,1131,2288,3065,3874,7746,6.848806366,113,706400,140800,0.166194523,0.833805477
Hà Nam,2019,310,3621500000,3928000,2.3,4105,56,20,38.5,1197,2529,3301,4420,8257,6.89807853,112.8,711200,143300,0.16770041,0.83229959
Hà Nam,2020,338,4183200000,4029000,2.1,4497,53.4,22.1,37.63,1338,2692,3528,4533,8084,6.041853513,105.5,622100,239700,0.278138779,0.721861221
Hà Nam,2021,358,4894400000,4372000,2,4800,49.4,27.6,31.72,1565,2932,3777,4947,8679,5.545686901,112.6,630300,244900,0.279821755,0.720178245
Nam Định,2011,38,209000000,1237000,8.6,2725,58.3,11.7,38.38,459,732,1019,1340,2635,5.740740741,109.2,1504000,329500,0.179710935,0.820289065
Nam Định,2013,43,267900000,1791000,6,2989,61.4,15.7,38.52,621,1066,1478,1986,3800,6.119162641,116.1,1506700,333300,0.181141304,0.818858696
Nam Định,2014,53,406300000,2815000,4.7,3070,61.8,11,38.88,1059,1687,2177,2690,6471,6.110481586,110.6,1509700,335900,0.182000434,0.817999567
Nam Định,2015,81,679000000,2816000,3.8,3334,58.4,13.3,38.12,1059,1686,2176,2689,6462,6.101983003,110.3,1479400,317500,0.176693194,0.823306806
Nam Định,2016,76,921500000,2998000,4.2,4115,61.2,14.4,37.76,1086,1832,2393,3071,6623,6.098526703,108.8,1475400,317000,0.176857844,0.823142156
Nam Định,2017,91,3118700000,3014000,3.6,5044,57.8,15.3,39.31,1081,1832,2393,3071,6707,6.204440333,109,1471700,316500,0.176993625,0.823006375
Nam Định,2018,102,3281600000,3383000,2.8,5475,57.9,15.9,37.28,1049,2213,2825,3703,7180,6.844613918,111,1460200,324100,0.181639859,0.818360141
Nam Định,2019,109,3506600000,3684000,2.3,5676,58.3,17.7,37.36,1142,2090,3171,4122,7930,6.943957968,113.8,1457100,323700,0.181772237,0.818227763
Nam Định,2020,121,3579500000,4096000,2,5982,56.8,20.1,37.71,1670,2759,3246,4206,8631,5.168263473,106.6,1420200,360100,0.202269281,0.79773072
Nam Định,2021,123,3659900000,4413000,1.8,6455,50.9,22,32.28,2416,3638,4157,4793,7085,2.932533113,118.7,1464700,371600,0.202363448,0.797636552
Ninh Bình,2011,23,747300000,1202000,10.9,2037,60.2,21.7,33.6,373,672,969,1375,2621,7.026809651,87.6,735300,172400,0.189930594,0.810069406
Ninh Bình,2013,34,1023500000,1696000,8.1,2046,62.2,27.2,35.22,551,944,1313,1897,3747,6.800362976,111.4,746600,180600,0.194779983,0.805220017
Ninh Bình,2014,38,1089800000,2215000,6.6,2227,62,26.1,36.92,727,1230,1764,2458,4936,6.78954608,117.4,751600,184200,0.196836931,0.803163069
Ninh Bình,2015,51,1206500000,2215000,5.5,2232,59.8,24.3,37.03,724,1226,1756,2444,4907,6.777624309,112.3,764100,184400,0.19441223,0.80558777
Ninh Bình,2016,57,1296700000,2899000,4.5,2562,60.3,27.4,37.41,970,1660,2260,3079,6579,6.782474227,101.9,767800,189000,0.197533445,0.802466555
Ninh Bình,2017,59,1266300000,2914000,3.9,3550,59.2,26.4,37.75,964,1660,2260,3079,6662,6.910788382,118.6,770400,195100,0.202071466,0.797928534
Ninh Bình,2018,68,1250200000,3777000,2.8,3950,59.5,27.4,37.97,1222,2008,2747,3595,9320,7.626841244,131.1,773400,201200,0.206443669,0.793556331
Ninh Bình,2019,74,1396600000,3997000,2.2,4277,58.8,28.9,37.26,1135,2335,3495,4363,8741,7.701321586,126.5,776700,207800,0.21107161,0.78892839
Ninh Bình,2020,80,1457400000,3904000,2.1,4610,56,30.2,36.63,1568,2762,3551,4444,7245,4.620535714,105.6,781300,212600,0.213904819,0.786095181
Ninh Bình,2021,89,1586300000,4282000,2,4745,47.8,31.7,32.59,1593,2888,3787,4738,8442,5.299435028,105.6,791100,216500,0.214867011,0.785132989
Hà Giang,2011,8,13300000,610000,45.5,657,62.3,10.8,32.25,259,347,452,583,1413,5.455598456,106.9,634000,112100,0.150247956,0.849752044
Hà Giang,2013,8,13300000,850000,33.8,737,64.5,9,34.21,349,440,574,833,2043,5.853868195,105.4,658700,117100,0.150940964,0.849059036
Hà Giang,2014,8,13300000,1121000,28.2,756,63.9,9.6,32.03,468,564,712,1104,2763,5.903846154,99.5,670200,118600,0.15035497,0.84964503
Hà Giang,2015,7,1029000000,1121000,24.2,730,61,9.5,31.73,468,564,713,1100,2751,5.878205128,101.2,685800,120900,0.14986984,0.85013016
Hà Giang,2016,7,10000000,1326000,39.8,812,64.1,9.8,33.96,555,662,807,1204,3414,6.151351351,109.4,697400,123000,0.149926865,0.850073135
Hà Giang,2017,9,11100000,1324000,36.9,1136,61.5,12.5,33.97,549,655,799,1199,3430,6.247723133,121.1,708500,125200,0.150173924,0.849826077
Hà Giang,2018,8,6600000,1725000,32.6,1138,62.7,13.8,35.74,695,791,983,1520,4668,6.716546763,112.8,718900,127600,0.150738334,0.849261666
Hà Giang,2019,6,4100000,1832000,29.1,1167,61.5,12.5,35.96,640,865,1253,1926,4498,7.028125,107.4,720900,137200,0.159888125,0.840111875
Hà Giang,2020,6,4200000,1835000,27,1224,60.3,12.8,36.1,624,885,1219,1784,4692,7.519230769,90.9,732300,137900,0.158469317,0.841530683
Hà Giang,2021,6,4100000,1933000,25,1248,39.5,19.5,36.15,611,836,1155,1823,5263,8.613747954,109.8,746800,140300,0.158155789,0.841844212
Cao Bằng,2011,12,26100000,749000,35.5,644,65.7,15,32.52,225,337,459,705,2013,8.946666667,124.3,410400,103600,0.20155642,0.79844358
Cao Bằng,2013,18,50200000,1054000,30.6,639,68.5,19.3,35.55,304,458,659,1083,2761,9.082236842,110.4,398100,119800,0.231318787,0.768681213
Cao Bằng,2014,18,50200000,1252000,27,613,68.3,20,33.83,351,535,782,1397,3213,9.153846154,110.9,399800,120300,0.231301673,0.768698327
Cao Bằng,2015,24,51200000,1252000,24.4,681,65.9,18.8,33.86,351,534,778,1384,3202,9.122507123,43.3,413300,108600,0.20808584,0.79191416
Cao Bằng,2016,26,72000000,1640000,37.3,659,67.6,19.8,34.32,479,639,902,1756,4437,9.263048017,122.7,412800,111500,0.212664505,0.787335495
Cao Bằng,2017,27,79900000,1643000,34.9,945,65.6,21,35.85,474,633,893,1756,4472,9.434599156,138.9,410900,115500,0.219414894,0.780585106
Cao Bằng,2018,21,60200000,1856000,31.5,998,65.9,20.6,35.99,506,644,978,2117,5082,10.04347826,126.3,408800,119900,0.226782675,0.773217326
Cao Bằng,2019,18,52400000,1975000,28.5,1067,65.3,20.8,36.23,484,677,1215,2475,5049,10.43181818,108.5,406300,124500,0.23455162,0.76544838
Cao Bằng,2020,17,36400000,2185000,26,1147,64.9,21.8,36.59,473,772,1220,2494,5982,12.64693446,105.7,397100,136000,0.255111611,0.744888389
Cao Bằng,2021,17,36400000,2273000,24.5,1182,29,24.7,33.6,410,792,1114,2565,6514,15.88780488,92.3,404000,138200,0.254887495,0.745112505
Bắc Kạn,2011,7,17900000,776000,28.6,457,66.4,13.8,36.66,255,389,536,800,1898,7.443137255,103.5,250300,48400,0.162035487,0.837964513
Bắc Kạn,2013,7,17900000,1142000,21.2,433,70.6,11.9,37.42,358,564,826,1217,2750,7.681564246,96.8,255500,49700,0.162844037,0.837155963
Bắc Kạn,2014,7,17900000,1203000,19,399,71.3,11.9,36.59,359,626,870,1422,2757,7.679665738,91.5,256700,50600,0.164659941,0.835340059
Bắc Kạn,2015,6,14300000,1216000,17.1,416,68.7,16.6,34.91,359,619,881,1428,2786,7.760445682,100.8,248200,57500,0.188092902,0.811907099
Bắc Kạn,2016,3,13000000,1404000,29.7,466,71.2,14.4,35.61,418,719,949,1651,3296,7.885167464,100.1,248300,59400,0.193045174,0.806954826
Bắc Kạn,2017,3,13000000,1401000,27.7,660,67.2,17.2,34.34,414,711,940,1651,3305,7.983091787,100.8,248500,61400,0.198128429,0.801871572
Bắc Kạn,2018,4,13200000,1945000,25.1,662,68.8,17.7,36.56,564,844,1323,2213,4805,8.519503546,113.8,248600,63500,0.203460429,0.796539571
Bắc Kạn,2019,4,6300000,2071000,22.5,612,66.5,16.1,37.26,547,803,1517,2607,4892,8.943327239,118,248700,65600,0.208717786,0.791282214
Bắc Kạn,2020,4,6300000,2192000,21.5,602,64.6,16.3,36.43,580,1051,1534,2498,5311,9.156896552,104.8,245000,71500,0.225908373,0.774091627
Bắc Kạn,2021,4,7900000,2125000,20.6,655,43.3,27,35.93,470,951,1379,2487,5348,11.3787234,107.1,250600,73100,0.225826383,0.774173618
Tuyên Quang,2011,9,118700000,887000,26.8,728,60.9,11,35.26,293,478,729,1027,1910,6.518771331,131.1,637000,95900,0.130850048,0.869149952
Tuyên Quang,2013,9,122800000,1162000,23.9,794,63.5,16.5,38.04,371,590,926,1375,2543,6.854447439,105.5,648000,99200,0.132762313,0.867237687
Tuyên Quang,2014,9,124900000,1570000,18.6,802,63.5,18.7,37.86,506,770,1192,1943,3458,6.833992095,105.2,652800,100900,0.133872894,0.866127106
Tuyên Quang,2015,6,164500000,1571000,14.7,819,61.9,20.7,36.55,506,771,1189,1934,3452,6.822134387,99.9,654200,102000,0.134884951,0.865115049
Tuyên Quang,2016,7,159000000,1757000,22,882,62.3,19.6,36.56,592,891,1308,1962,4045,6.83277027,83.8,659800,103600,0.135708672,0.864291328
Tuyên Quang,2017,8,161800000,1759000,19.6,1168,60.8,16.1,37.5,586,882,1306,1962,4071,6.947098976,109.4,665300,105200,0.136534718,0.863465282
Tuyên Quang,2018,9,186800000,2261000,17.5,1275,61,19.4,37.07,645,1227,1871,2814,4773,7.4,108.2,671500,106900,0.137332991,0.862667009
Tuyên Quang,2019,16,204100000,2437000,15.1,1329,61.5,20.7,36.89,694,1320,2089,2895,5224,7.527377522,107,677600,108600,0.138132791,0.861867209
Tuyên Quang,2020,17,217600000,2681000,12.9,1460,59.8,21.3,38.11,786,1456,2381,3028,5794,7.371501272,110,683300,109600,0.138226763,0.861773238
Tuyên Quang,2021,18,208800000,2872000,11.9,1590,45.7,23.1,36.94,811,1617,2663,3624,5697,7.024660912,111.9,690400,111300,0.138829986,0.861170014
Lào Cai,2011,36,857800000,819000,36.6,1022,58.9,13.2,35.11,280,409,537,751,2117,7.560714286,104.3,494200,143300,0.224784314,0.775215686
Lào Cai,2013,35,875100000,1085000,29.7,1197,61.3,16.2,34.4,346,477,658,1255,2687,7.765895954,124,506400,149500,0.227931087,0.772068913
Lào Cai,2014,35,876700000,1468000,25.3,1267,61.8,15.6,36.62,474,594,872,1702,3720,7.848101266,105.2,513200,152000,0.228502706,0.771497294
Lào Cai,2015,30,838600000,1468000,21.4,1345,61.4,16.4,35.73,474,593,868,1687,3706,7.818565401,112.1,527200,157200,0.22969024,0.77030976
Lào Cai,2016,29,572700000,1853000,26.4,1574,62.4,15.8,35.72,575,793,1209,2140,4568,7.944347826,123.3,536600,159800,0.229465824,0.770534176
Lào Cai,2017,30,580600000,1856000,23.9,2578,60.7,19.1,37,569,784,1204,2140,4604,8.091388401,117.1,546600,162000,0.228619814,0.771380186
Lào Cai,2018,30,580600000,2324000,20.5,2582,61,17.1,36.63,654,951,1621,2744,5686,8.694189602,114.4,553800,167000,0.231687014,0.768312986
Lào Cai,2019,30,576400000,2540000,17.2,2578,58.4,19.5,37.26,684,985,1817,3178,6087,8.899122807,118.8,561800,171500,0.233874267,0.766125733
Lào Cai,2020,31,578700000,2427000,15.4,2862,57.1,21,36.77,680,1005,1501,2832,6134,9.020588235,113,549200,197200,0.264201501,0.7357985
Lào Cai,2021,32,582600000,2515000,14.8,3052,49.4,24.6,34.1,761,1057,1556,2651,6586,8.654402102,101,560000,201900,0.264995406,0.735004594
Yên Bái,2011,18,37900000,844000,25.2,921,62.5,13.2,35.74,279,435,660,938,1904,6.82437276,110.7,610300,148300,0.195491695,0.804508305
Yên Bái,2013,22,123500000,1114000,23.5,986,64.1,13.7,37.59,366,545,763,1289,2603,7.112021858,112.3,622600,152000,0.196230312,0.803769688
Yên Bái,2014,23,139700000,1385000,21.4,933,64,13.8,36.07,438,684,1032,1576,3210,7.328767123,104.8,623100,160400,0.2047224,0.795277601
Yên Bái,2015,22,207400000,1386000,19.7,1059,62.8,16.9,32.95,438,682,1030,1571,3201,7.308219178,103.7,635100,158000,0.199218258,0.800781743
Yên Bái,2016,21,204100000,1802000,26.1,1096,64.3,15.8,34.68,571,845,1231,1931,4447,7.788091068,105.3,641100,159200,0.198925403,0.801074597
Yên Bái,2017,21,435800000,1805000,23.6,1423,63.1,16.6,34.38,565,837,1228,1931,4481,7.930973451,106.9,646800,160500,0.198810851,0.801189149
Yên Bái,2018,21,387600000,2289000,20.3,1513,63.6,20,36.88,673,976,1579,2627,5604,8.326894502,104.3,652700,161900,0.198747852,0.801252148
Yên Bái,2019,24,392000000,2458000,17.5,1609,63.2,17.5,36.12,731,935,1596,2799,6248,8.547195622,110.9,659800,163300,0.198396307,0.801603693
Yên Bái,2020,27,400500000,2522000,15.1,1726,62.3,19.1,36.97,646,956,1581,2958,6517,10.08823529,108.1,660000,171600,0.206349206,0.793650794
Yên Bái,2021,33,448600000,2540000,14,1887,42.8,22.2,36.08,803,1218,1818,2929,5968,7.432129514,108.1,667900,174700,0.207334441,0.792665559
Thái Nguyên,2011,26,117800000,1149000,16.9,1908,59.9,18.9,35.53,357,571,839,1298,2668,7.473389356,138.8,817200,322200,0.282780411,0.717219589
Thái Nguyên,2013,53,3554900000,1747000,13.3,1918,61.4,21.5,37.45,499,945,1398,2017,3865,7.745490982,102.1,811800,344200,0.297750865,0.702249135
Thái Nguyên,2014,76,6910300000,2238000,11.1,1965,60.3,20.1,36.36,637,1185,1829,2626,4937,7.750392465,322.8,818100,355100,0.302676441,0.69732356
Thái Nguyên,2015,100,7116500000,2238000,9.1,2099,61.1,25.2,36.74,636,1181,1821,2615,4924,7.742138365,176,843000,387800,0.315079623,0.684920377
Thái Nguyên,2016,122,7260400000,3023000,7.8,2779,58.5,29.4,36.99,896,1682,2368,3267,6973,7.782366071,123.7,850300,392500,0.315819118,0.684180882
Thái Nguyên,2017,130,7331400000,3005000,7.4,4045,59.9,26,37.53,890,1682,2368,3267,6855,7.702247191,118.3,856700,399400,0.317968315,0.682031685
Thái Nguyên,2018,142,7736200000,4014000,6,4235,59.7,24.7,38.24,1161,2219,2987,3911,9822,8.45994832,112.1,868300,405200,0.318178249,0.681821751
Thái Nguyên,2019,158,8279600000,4279000,5.1,4526,59.4,27.2,36.36,1090,2383,3755,4794,9391,8.61559633,111.1,877100,413900,0.320604183,0.679395817
Thái Nguyên,2020,179,8752700000,3806000,4.1,4789,58,28.2,39.85,1158,2351,3583,4581,7409,6.398100173,104.2,888200,419700,0.320896093,0.679103907
Thái Nguyên,2021,193,9841000000,3814000,3.7,5167,44.6,35.4,37,1164,2339,3157,4518,7913,6.798109966,107.7,897800,425400,0.32149335,0.678506651
Lạng Sơn,2011,31,188900000,929000,25,762,64.2,12.4,38.38,305,482,678,1046,2128,6.97704918,107,598700,142100,0.191819654,0.808180346
Lạng Sơn,2013,31,192800000,1212000,20.4,779,65.9,16.4,37.8,409,567,794,1428,2853,6.975550122,103,604500,145300,0.193785009,0.806214991
Lạng Sơn,2014,31,192800000,1437000,18,809,66.7,15.8,37.91,480,709,1023,1649,3362,7.004166667,105.2,606600,147100,0.195170492,0.804829508
Lạng Sơn,2015,36,207000000,1437000,16.2,851,64,14.6,34.96,480,707,1018,1633,3340,6.958333333,111.6,606600,151200,0.199524941,0.800475059
Lạng Sơn,2016,40,224400000,1684000,23.5,1099,64.9,15.8,34.6,549,834,1196,1952,3904,7.111111111,107.7,610100,153300,0.200812156,0.799187844
Lạng Sơn,2017,40,226300000,1684000,20.6,1608,62.7,15.5,34.96,544,825,1191,1952,3924,7.213235294,105.1,613300,155400,0.20215949,0.79784051
Lạng Sơn,2018,41,237200000,2047000,18.4,1746,62,19.8,38.43,584,1106,1604,2441,4514,7.729452055,106.5,618000,157800,0.203402939,0.796597061
Lạng Sơn,2019,42,238200000,2250000,15.9,1905,62.3,16.5,36.35,668,1062,1714,2601,5246,7.853293413,109.5,622500,160300,0.204777721,0.795222279
Lạng Sơn,2020,42,238200000,2297000,12.3,2015,60.8,21,35.74,735,1163,1802,2707,5099,6.937414966,101.7,607000,181700,0.230379105,0.769620895
Lạng Sơn,2021,42,240400000,2471000,10.7,2220,37.6,27.8,38.79,733,1268,1883,2785,5715,7.796725784,105.3,613100,183900,0.230740276,0.769259724
Bắc Giang,2011,85,702400000,1103000,16.7,1633,62,13.9,34.9,403,628,902,1245,2338,5.801488834,109.7,1422000,152800,0.097028194,0.902971806
Bắc Giang,2013,128,1832300000,1568000,12.1,1830,62,15.5,31.79,502,950,1356,1894,3135,6.24501992,118.7,1450900,157100,0.097699005,0.902300995
Bắc Giang,2014,168,2151500000,2173000,9.8,1870,62.3,15.6,0,709,1306,1832,2509,4531,6.390691114,114.7,1440700,183700,0.113087909,0.886912091
Bắc Giang,2015,229,2459000000,2174000,7.9,2043,61.9,17.6,36.42,708,1302,1830,2504,4515,6.377118644,116.8,1477900,189100,0.113437313,0.886562688
Bắc Giang,2016,290,3494800000,2767000,6.4,2576,61.7,16.5,37.77,888,1626,2372,3242,5734,6.457207207,120.3,1503800,193100,0.113795745,0.886204255
Bắc Giang,2017,357,4483500000,2778000,5.4,4715,60.7,17.9,37.17,881,1626,2372,3242,5796,6.578887628,129.3,1538600,198200,0.114117918,0.885882082
Bắc Giang,2018,425,4840300000,3450000,3.8,5451,60.8,16.7,38.15,1042,2044,2841,3777,7581,7.275431862,129.7,1574600,202900,0.114149086,0.885850914
Bắc Giang,2019,505,5977200000,3773000,3.3,5881,60.1,18,38.29,1104,2109,3247,4316,8121,7.355978261,130.1,1603100,207400,0.114553991,0.885446009
Bắc Giang,2020,544,7136300000,3930000,2.8,6549,59.5,19.8,37.86,1473,2650,3360,4445,7745,5.257976918,119.8,1507600,334000,0.181364031,0.818635969
Bắc Giang,2021,568,8618000000,3966000,2.6,7117,50.4,26.7,0,1636,2657,3386,4260,7913,4.836797066,112.2,1533600,341700,0.182210846,0.817789154
Phú Thọ,2011,70,426600000,1126000,17,2232,63,13.2,35.72,381,594,842,1210,2605,6.837270341,115,1086000,241700,0.182044137,0.817955864
Phú Thọ,2013,86,501700000,1579000,12,2406,63.6,15.3,36.76,488,854,1318,1850,3379,6.924180328,106,1100900,250400,0.185303042,0.814696959
Phú Thọ,2014,95,522600000,1954000,9.7,2452,61.1,14.2,36.82,630,1039,1546,2200,4377,6.947619048,106.2,1107400,252800,0.185855021,0.814144979
Phú Thọ,2015,101,632800000,1954000,8,2712,60.6,21,39.06,629,1036,1541,2193,4365,6.939586645,116.6,1136600,255700,0.183652948,0.816347052
Phú Thọ,2016,120,865700000,2367000,10.3,3191,58.3,20.3,38.53,755,1279,1940,2633,5239,6.939072848,109.5,1150500,258500,0.183463449,0.816536551
Phú Thọ,2017,136,1084800000,2375000,9.2,4273,57.8,21.8,37.28,747,1276,1940,2633,5287,7.077643909,108.1,1168400,262000,0.183165548,0.816834452
Phú Thọ,2018,154,1271000000,2892000,7.5,4722,57.5,21.8,37.23,842,1623,2377,3141,6505,7.725653207,108.3,1184200,265400,0.183084989,0.816915011
Phú Thọ,2019,182,1596900000,3182000,6.5,4912,57.3,24.6,37.11,883,1811,2773,3524,6934,7.852774632,112,1197000,269400,0.183715221,0.816284779
Phú Thọ,2020,196,1909400000,3331000,5.8,5302,56.4,25.2,36.71,1164,2147,2805,3743,6815,5.854810997,102.7,1200100,281800,0.190161279,0.809838721
Phú Thọ,2021,211,2613800000,3589000,5.6,5587,44.6,34.6,33.08,1036,2061,2813,4525,7535,7.273166023,109.3,1219600,288000,0.191032104,0.808967896
Lai Châu,2011,4,4000000,567000,46.8,577,57.3,10.9,33.93,216,289,360,484,1484,6.87037037,114.8,333800,55800,0.143223819,0.856776181
Lai Châu,2013,4,4000000,758000,40.6,638,60.7,11.8,32.9,273,417,532,633,1928,7.062271062,95.4,338800,66900,0.164900173,0.835099828
Lai Châu,2014,4,4000000,987000,35.3,642,60.2,13.5,33.4,359,502,622,862,2592,7.22005571,115.7,344000,71300,0.171683121,0.828316879
Lai Châu,2015,3,4000000,987000,31.5,664,57.6,11.5,32.75,359,502,621,859,2581,7.189415042,100.2,365200,62700,0.146529563,0.853470437
Lai Châu,2016,3,4000000,1314000,44.3,713,61.5,12.4,33.88,467,647,821,1234,3408,7.29764454,278.2,372400,64000,0.146654446,0.853345555
Lai Châu,2017,3,4000000,1312000,41.6,1097,60.1,14.4,33.1,462,640,813,1229,3424,7.411255411,129.8,379300,65200,0.146681665,0.853318335
Lai Châu,2018,1,1500000,1492000,37.1,1125,60.3,14.2,36.6,494,720,959,1437,3890,7.874493927,107.1,386900,66500,0.146669607,0.853330393
Lai Châu,2019,1,1500000,1594000,33,1067,60.9,13.3,34.9,525,707,1034,1562,4182,7.965714286,89.8,394800,67800,0.146562905,0.853437095
Lai Châu,2020,1,1500000,1905000,30.8,1086,60.3,12.5,34.64,565,816,1127,2008,5033,8.907964602,129,387600,82200,0.174968072,0.825031929
Lai Châu,2021,1,1500000,2050000,27.9,1090,34.5,25.6,35.46,504,824,1092,2100,5790,11.48809524,101.6,393800,84700,0.177011494,0.822988506
Sơn La,2011,10,116400000,802000,34.8,718,60.7,12.3,39.22,258,428,634,935,1750,6.782945736,116.1,960200,158400,0.141605578,0.858394422
Sơn La,2013,10,162800000,1020000,29.4,830,62.5,12,37.12,351,492,697,1090,2465,7.022792023,171,992300,158200,0.137505432,0.862494568
Sơn La,2014,10,280200000,1178000,25.5,1038,62.8,13,35.04,431,575,724,1101,3069,7.120649652,106.2,1006800,159600,0.136831276,0.863168724
Sơn La,2015,9,134100000,1178000,22.6,1124,61.6,12.5,35.51,431,574,722,1095,3055,7.088167053,102.7,1014700,162700,0.138185833,0.861814167
Sơn La,2016,9,134100000,1290000,42.8,1272,61.6,13.2,35.55,451,676,823,1256,3237,7.177383592,102.2,1029700,165200,0.138254247,0.861745753
Sơn La,2017,11,148200000,1288000,41,1643,61.3,12.8,35.63,447,669,815,1261,3254,7.279642058,121.8,1045600,167900,0.138360115,0.861639885
Sơn La,2018,10,135700000,1483000,36.3,1728,61.3,14.9,36.55,499,686,929,1430,3901,7.817635271,103,1062400,170700,0.138431595,0.861568405
Sơn La,2019,10,135700000,1605000,33,1805,61.1,11.2,37.47,490,680,1087,1775,4014,8.191836735,73.1,1079200,173500,0.138500838,0.861499162
Sơn La,2020,10,135700000,1745000,30.5,1977,60.3,13.1,36.07,439,753,1092,1799,4656,10.60592255,113.6,1094500,176100,0.138595939,0.861404061
Sơn La,2021,10,135700000,1834000,28.6,2084,42.7,16.8,34.14,454,790,1092,1922,4931,10.86123348,93.6,1107700,180100,0.139850909,0.860149092
Nghệ An,2011,29,1507800000,920000,22.5,5115,59.1,12.1,36.28,260,488,756,1138,1955,7.519230769,124.5,2549700,392100,0.133285743,0.866714257
Nghệ An,2013,38,1569500000,1367000,17.4,5745,63.7,15,36.47,383,655,1044,1653,3099,8.091383812,106,2557800,453500,0.150599409,0.849400591
Nghệ An,2014,41,1580500000,1582000,14.4,5881,63.4,15.6,36.6,434,726,1236,1997,3532,8.138248848,110,2578800,458600,0.150984395,0.849015606
Nghệ An,2015,69,1640600000,1583000,12.3,6523,60.2,17.3,36.36,428,721,1233,1994,3528,8.242990654,109,2695500,465100,0.147155603,0.852844397
Nghệ An,2016,75,1670000000,1818000,17.7,7577,60,16.9,35.57,498,843,1411,2182,4175,8.383534137,109.4,2731300,471800,0.147294808,0.852705192
Nghệ An,2017,79,1820900000,1820000,16.4,11456,58.3,19.9,35.75,492,834,1410,2182,4202,8.540650407,117.1,2768300,478400,0.147349617,0.852650384
Nghệ An,2018,84,1845600000,2542000,13.5,11706,57.5,20.8,38.39,609,1217,2109,3119,5688,9.339901478,116.6,2807500,483900,0.147019505,0.852980495
Nghệ An,2019,95,2158200000,2794000,12.1,10855,57.1,20.7,37.38,682,1378,2321,3134,6469,9.485337243,113.2,2846700,490500,0.146979504,0.853020496
Nghệ An,2020,104,2204800000,3004000,10.9,11636,56.7,20.8,37.21,968,1978,2467,3263,6355,6.565082645,108.7,2843600,521600,0.154998217,0.845001783
Nghệ An,2021,107,1977400000,3095000,9.5,12414,46.6,23.4,32.05,905,1857,2796,3560,6447,7.123756906,116.9,2880300,529500,0.1552877,0.8447123
Hà Tĩnh,2011,42,8508500000,840000,23.8,2137,56.5,12.2,38.75,278,450,645,899,1921,6.910071942,106.1,1037700,191500,0.155792385,0.844207615
Hà Tĩnh,2013,52,10611700000,1299000,18.5,2466,55.8,19,39.29,418,708,1008,1477,2862,6.846889952,113.1,1054600,194500,0.155712113,0.844287887
Hà Tĩnh,2014,59,10653900000,1810000,15.6,2769,57,20.4,37.57,555,968,1497,2183,3862,6.958558559,119.1,1059900,195400,0.155660002,0.844339998
Hà Tĩnh,2015,64,11265000000,1810000,13.3,3108,57.1,19.3,42.33,554,963,1489,2176,3851,6.951263538,120.3,1039000,222300,0.17624673,0.82375327
Hà Tĩnh,2016,64,11593000000,2074000,12.5,3382,55.2,21.3,39.32,661,1092,1613,2382,4635,7.012102874,120.9,1037200,229500,0.181179443,0.818820557
Hà Tĩnh,2017,62,11613200000,2078000,10.9,4166,54.2,21.5,38.2,654,1085,1613,2382,4668,7.137614679,171,1037000,237300,0.186219885,0.813780115
Hà Tĩnh,2018,70,11714600000,2844000,8.8,4448,54.1,24.2,38.36,823,1515,2282,3289,6337,7.699878493,188.5,1035400,245100,0.191409606,0.808590394
Hà Tĩnh,2019,77,11729000000,3123000,7.2,4555,53.3,25,38.68,860,1616,2729,3689,6724,7.818604651,125.5,1036400,253900,0.196775944,0.803224056
Hà Tĩnh,2020,79,11739200000,3230000,6.5,4836,50.5,25.7,38.41,851,1686,2695,3701,7225,8.490011751,95.5,1008900,287800,0.221948022,0.778051978
Hà Tĩnh,2021,79,11739200000,2981000,5.9,5199,37.3,30.5,33.22,947,1641,2460,3437,6437,6.797254488,112.7,1021000,293000,0.222983257,0.777016743
Quảng Bình,2011,5,34800000,950000,23,2129,55.8,13.8,40.35,308,507,724,1068,2143,6.957792208,107.4,724000,129400,0.151628779,0.848371221
Quảng Bình,2013,6,34800000,1410000,17.3,2284,58.8,18.6,41.72,423,693,1064,1682,3174,7.503546099,108.7,732100,131200,0.15197498,0.84802502
Quảng Bình,2014,12,94100000,1837000,14.5,2415,60,19.7,39.24,518,975,1528,2189,3981,7.685328185,106.6,698600,169500,0.195254003,0.804745997
Quảng Bình,2015,12,109100000,1837000,12.5,2643,59.9,18.6,36.55,517,974,1527,2186,3977,7.69245648,109.3,699000,176600,0.20169027,0.798309731
Quảng Bình,2016,17,381000000,2249000,13.7,2847,58.5,18,38.41,643,1194,1785,2598,5046,7.847589425,109.2,701000,179600,0.203951851,0.796048149
Quảng Bình,2017,19,537800000,2256000,12.1,3809,57.6,20.9,39.53,636,1189,1785,2598,5089,8.001572327,107,703400,182300,0.2058259,0.7941741
Quảng Bình,2018,21,766800000,2666000,10.8,4034,57.6,25.1,38.56,727,1359,2054,3085,6122,8.42090784,107.2,706000,185200,0.207809695,0.792190305
Quảng Bình,2019,20,766600000,2928000,9.3,4161,57,21.7,38.01,767,1562,2360,3401,6574,8.571056063,107.4,708400,188200,0.209904082,0.790095918
Quảng Bình,2020,23,1061700000,3150000,8.8,4467,54.3,21.9,38.35,707,1482,2635,3859,7100,10.04243281,104.6,694900,207100,0.229600887,0.770399113
Quảng Bình,2021,24,1116300000,3338000,7.7,4734,46,26.5,32.12,997,1884,2808,3919,7116,7.137412237,104.1,700600,210100,0.230701658,0.769298342
Quảng Trị,2011,16,67700000,951000,21.7,1575,54,12.5,39.11,320,532,756,981,2162,6.75625,112.8,430500,174200,0.288076732,0.711923268
Quảng Trị,2013,18,80200000,1300000,16.1,1994,55.3,19.2,39.75,410,698,1011,1510,2863,6.982926829,109.2,434100,178900,0.291843393,0.708156607
Quảng Trị,2014,20,84700000,1673000,13.1,1933,55.5,18.5,39.84,495,909,1400,2068,3509,7.088888889,104.8,437200,179200,0.290720312,0.709279689
Quảng Trị,2015,21,85600000,1673000,10.7,2074,54.8,23.2,38.17,493,905,1395,2059,3500,7.099391481,113.6,434000,183900,0.297620974,0.702379026
Quảng Trị,2016,17,77500000,2041000,16.1,2085,54.3,22.6,38.06,622,1043,1609,2474,4476,7.196141479,112.3,434700,186900,0.300675676,0.699324324
Quảng Trị,2017,16,60500000,2044000,14.3,2495,53.7,24.7,37.63,616,1036,1609,2474,4498,7.301948052,115,435400,190000,0.303805564,0.696194436
Quảng Trị,2018,17,63600000,2542000,12.6,2619,53.5,26,38.27,704,1383,2078,3036,5536,7.863636364,109.2,436500,193200,0.306812768,0.693187232
Quảng Trị,2019,19,85000000,2762000,10.9,2698,53.7,23.2,37.4,720,1540,2419,3347,5824,8.088888889,109.8,437100,196400,0.310023678,0.689976322
Quảng Trị,2020,23,117800000,2853000,9.2,2862,52.8,25.6,38.31,668,1266,2272,3336,6741,10.09131737,104.7,430500,206900,0.324599937,0.675400063
Quảng Trị,2021,26,2526800000,3026000,8.1,3059,49.6,27.7,30.97,720,1438,2574,3498,6920,9.611111111,108.7,436800,211000,0.325717814,0.674282186
Đà Nẵng,2011,210,3463100000,1897000,3.7,8050,49.8,33.2,37.37,667,1024,1394,1981,4399,6.595202399,107.5,123000,828100,0.870676059,0.129323941
Đà Nẵng,2013,280,3894200000,2865000,1.6,9456,51.2,35.9,39.06,976,1689,2261,3095,6274,6.428278689,110.5,125400,861300,0.872909699,0.127090301
Đà Nẵng,2014,311,3736200000,3611000,1.2,9962,51.9,37.5,38.01,1278,2065,2758,3839,8217,6.429577465,111,128200,879500,0.872779597,0.127220403
Đà Nẵng,2015,373,4023500000,3612000,0.8,11514,52,41.7,36.69,1274,2051,2741,3815,8130,6.381475667,113.1,136900,919400,0.870396668,0.129603332
Đà Nẵng,2016,450,4398700000,4369000,1.5,13285,50.9,40.9,38.58,1596,2240,3267,4391,10186,6.382205514,113.2,139700,940600,0.870684069,0.129315931
Đà Nẵng,2017,526,4675300000,4441000,1.2,18417,52.2,40.9,37.21,1595,2440,3267,4730,10211,6.401880878,109.5,141600,956100,0.871003006,0.128996994
Đà Nẵng,2018,639,5145500000,5506000,0.9,20375,51.6,42.6,37.02,1871,3154,4253,5729,12595,6.731694281,106.6,143400,970900,0.871309342,0.128690658
Đà Nẵng,2019,775,5534900000,6057000,0.7,22566,51.4,44.6,37.03,1910,3488,5149,6903,12879,6.742931937,104.3,146500,994600,0.871615108,0.128384892
Đà Nẵng,2020,852,5554000000,5284000,0.5,23666,45.7,44,35.77,2045,3203,4325,5976,10896,5.328117359,89.6,149000,1020400,0.872584231,0.127415769
Đà Nẵng,2021,889,5932400000,5230000,0.4,24703,44.7,48.1,31.69,2272,3135,4190,5632,10942,4.816021127,97.7,151200,1044300,0.873525722,0.126474279
Quảng Nam,2011,76,4976500000,935000,21.7,2698,55.3,12.3,36.03,326,540,757,1079,1969,6.039877301,113.1,1164100,273600,0.190303958,0.809696042
Quảng Nam,2013,84,5004300000,1376000,15.8,2969,57.3,11.1,37.8,432,810,1189,1640,2803,6.488425926,109.6,1182200,281000,0.192044833,0.807955167
Quảng Nam,2014,97,5091600000,1784000,13,3224,59,12.7,36.4,565,1013,1475,2189,3687,6.525663717,105.3,1188300,283500,0.19262128,0.80737872
Quảng Nam,2015,136,5525800000,1785000,10.6,3714,57.8,16.5,36.53,562,1011,1471,2179,3672,6.533807829,135,1108300,359900,0.245130091,0.754869909
Quảng Nam,2016,151,5763800000,2182000,13.7,4536,58.9,17.9,35.99,703,1184,1782,2604,4671,6.644381223,128.2,1111800,363900,0.246594836,0.753405164
Quảng Nam,2017,170,5816300000,2187000,12.6,5973,57.5,18.1,37.08,696,1179,1782,2604,4706,6.761494253,95.2,1114900,368400,0.248365132,0.751634868
Quảng Nam,2018,190,6037200000,2905000,10.3,6481,57.7,20.3,35.99,818,1805,2543,3402,5995,7.328850856,102.5,1117700,373100,0.250268312,0.749731688
Quảng Nam,2019,218,6126500000,3192000,9.1,7252,58.2,18.7,37.52,916,1909,2743,3581,6825,7.450873362,104.1,1117800,379600,0.253506077,0.746493923
Quảng Nam,2020,221,6054300000,3555000,8.1,7723,57.1,21.5,37.19,1077,2344,3283,4220,6887,6.39461467,92.1,1108800,396200,0.263255814,0.736744186
Quảng Nam,2021,221,6058400000,3653000,7,7905,52,26.6,31.15,1185,2363,3306,4223,7200,6.075949367,102.3,1117200,401300,0.264273955,0.735726045
Quảng Ngãi,2011,21,3803900000,909000,20.8,2149,57,9.7,34,321,522,724,1038,1935,6.028037383,98.4,1042700,178900,0.146447282,0.853552718
Quảng Ngãi,2013,31,4001100000,1300000,15.4,2391,57.8,12.4,35.07,455,738,1039,1467,2798,6.149450549,116.6,1055000,181200,0.146578224,0.853421776
Quảng Ngãi,2014,35,4070700000,1618000,12.9,2605,59.7,14.1,38.65,515,997,1415,1966,3218,6.248543689,86.9,1047900,193500,0.155872402,0.844127598
Quảng Ngãi,2015,47,4274500000,1619000,11,2620,58.8,17.9,31.76,513,993,1412,1960,3210,6.257309942,108.6,1034400,191800,0.156418203,0.843581797
Quảng Ngãi,2016,40,1097500000,2149000,13.7,3222,60,19.4,36.79,692,1215,1784,2496,4592,6.63583815,100.4,1033300,194200,0.158207739,0.841792261
Quảng Ngãi,2017,46,1449600000,2153000,12.2,4306,60,18.3,36.25,684,1211,1784,2496,4625,6.761695906,100.6,1032400,196600,0.159967453,0.840032547
Quảng Ngãi,2018,60,1755900000,2899000,10.1,4723,59.4,18.2,35.06,867,1625,2389,3251,6382,7.361014994,108.5,1031500,199100,0.161790996,0.838209004
Quảng Ngãi,2019,61,1844700000,3084000,8.4,5087,58.9,20.9,35.82,928,1704,2427,3454,6938,7.476293103,113.3,1030400,201500,0.163568472,0.836431529
Quảng Ngãi,2020,59,1962700000,3159000,7.5,5297,57.7,22,33.94,904,1707,2626,3581,6992,7.734513274,100.4,973200,260200,0.21096157,0.78903843
Quảng Ngãi,2021,59,2029400000,3219000,6.8,5415,52.9,26.1,30.48,974,1772,2709,3894,6774,6.954825462,108.2,981500,262700,0.211139688,0.788860312
Bình Định,2011,45,661200000,1150000,15.2,2943,58.1,11.6,38.43,402,659,888,1223,2573,6.400497512,111.2,1082600,415600,0.277399546,0.722600454
Bình Định,2013,57,1608800000,1719000,12.5,3771,59.9,15.2,38.2,549,1052,1431,1980,3578,6.517304189,107,1044200,465100,0.308156099,0.691843901
Bình Định,2014,66,1750300000,2345000,10.7,3867,60.2,14.1,38.62,785,1426,1889,2538,5115,6.515923567,105.7,1045000,469500,0.310003301,0.689996699
Bình Định,2015,59,1761800000,2346000,9.1,4081,58.4,15.5,36.09,782,1423,1885,2532,5098,6.519181586,108.5,1016100,471500,0.316953482,0.683046518
Bình Định,2016,66,541700000,2596000,8,4383,59.1,15.5,37.52,872,1489,2086,2863,5687,6.521788991,107.3,1014800,472900,0.317873227,0.682126773
Bình Định,2017,73,671800000,2605000,6.9,5891,58.2,16.9,38.35,865,1489,2086,2863,5743,6.639306358,108.8,1013500,474200,0.318747059,0.681252941
Bình Định,2018,81,806300000,3024000,5.5,6200,59.4,21.2,34.29,908,1864,2506,3301,6567,7.232378855,108.7,1012200,475500,0.319620891,0.680379109
Bình Định,2019,87,802500000,3355000,4.6,6394,58.1,19.2,35.3,1031,1961,2652,3600,7580,7.352085354,108.4,1011000,476800,0.320473182,0.679526818
Bình Định,2020,93,1085300000,3441000,4.1,6742,56.6,21.8,37.27,1011,2076,2887,3848,7414,7.333333333,105.3,888100,599900,0.403158602,0.596841398
Bình Định,2021,97,1188300000,3469000,3.6,7058,54,25,30.73,959,2000,2721,4172,7519,7.840458811,105.8,887500,620800,0.411589206,0.588410794
Phú Yên,2011,54,6480700000,1013000,17.8,1322,58,11,32.93,342,588,775,1111,2250,6.578947368,109.2,668700,202400,0.232349902,0.767650098
Phú Yên,2013,57,8031600000,1440000,15.3,1536,61.1,10.4,36.14,468,869,1166,1626,3063,6.544871795,106.2,677000,204900,0.232339268,0.767660733
Phú Yên,2014,59,4857300000,1979000,12.5,1545,59.9,11.8,34.12,664,1185,1571,2125,4362,6.569277108,107.3,632200,255200,0.287581699,0.712418301
Phú Yên,2015,52,4764900000,1979000,9.3,1636,59.4,16.6,33.79,664,1186,1569,2117,4339,6.534638554,109.3,618000,248200,0.286538906,0.713461094
Phú Yên,2016,41,4967100000,2350000,9.9,1746,59.7,16.3,34.74,796,1323,1883,2577,5199,6.531407035,106.5,618800,249300,0.287178896,0.712821104
Phú Yên,2017,44,4969000000,2358000,8.8,2456,58.2,18,36.28,788,1321,1883,2577,5247,6.658629442,107.8,620200,249900,0.287208367,0.712791633
Phú Yên,2018,47,1773200000,2837000,7.5,2607,59.5,14.8,35.34,888,1610,2200,3017,6475,7.291666667,109,621000,250500,0.287435456,0.712564544
Phú Yên,2019,47,1989400000,3080000,6.3,2720,58.4,16.6,34.37,980,1650,2352,3183,7264,7.412244898,111.6,622200,251000,0.287448465,0.712551535
Phú Yên,2020,52,2034900000,3224000,5.5,2991,56.9,17.5,34.19,919,1835,2717,3584,7091,7.715995647,106.6,588400,285900,0.327004461,0.672995539
Phú Yên,2021,53,2036000000,3296000,5,3088,51.5,21.6,30.04,992,1834,2581,3380,7743,7.805443548,105.3,589200,286300,0.327013135,0.672986865
Ninh Thuận,2011,26,686900000,947000,17.7,915,54,13.5,34.34,270,458,644,964,2395,8.87037037,110.8,364500,205600,0.360638485,0.639361516
Ninh Thuận,2013,32,819200000,1637000,12.2,1078,54,13.8,35.32,470,885,1205,1638,3964,8.434042553,112.1,372200,212700,0.363651906,0.636348094
Ninh Thuận,2014,34,906100000,2331000,9.9,1161,55.5,14,34.36,680,1200,1725,2293,5768,8.482352941,125.2,376600,213800,0.362127371,0.637872629
Ninh Thuận,2015,34,949600000,2331000,8.2,1297,55.3,15.6,33.87,677,1193,1722,2294,5768,8.519940916,109.1,370800,207500,0.358810306,0.641189694
Ninh Thuận,2016,37,1036800000,2330000,13.4,1379,55.8,15.4,37.22,680,1230,1644,2336,5793,8.519117647,102.1,373100,208400,0.358383491,0.641616509
Ninh Thuận,2017,40,1302500000,2340000,12.6,1949,55.9,15.1,36.93,673,1227,1644,2336,5854,8.698365527,106.1,375700,209700,0.358216604,0.641783396
Ninh Thuận,2018,49,1693100000,2631000,11,2079,55.7,19.3,37.88,671,1297,1984,2894,6329,9.43219076,109.7,378100,210700,0.357846467,0.642153533
Ninh Thuận,2019,52,1710800000,2834000,9.8,2342,55.6,18.9,37.25,642,1511,2457,3453,6149,9.57788162,143.6,379700,211300,0.357529611,0.642470389
Ninh Thuận,2020,52,1552300000,2918000,9,2701,53.6,16.2,34.96,919,1555,2401,3195,6566,7.144722524,139.4,384000,209600,0.353099731,0.64690027
Ninh Thuận,2021,55,1728300000,2855000,8.4,2813,52.9,18.8,32.22,926,1486,2321,3154,6422,6.935205184,124.7,385000,211000,0.354026846,0.645973154
Bình Thuận,2011,94,1391400000,1160000,9.3,2130,54.9,9.1,33.6,437,698,962,1340,2355,5.389016018,108.5,717400,464500,0.393011253,0.606988747
Bình Thuận,2013,109,3454300000,1747000,6.6,2512,55.8,10.5,36.33,639,1109,1498,2034,3444,5.389671362,114.9,726000,473600,0.394798266,0.605201734
Bình Thuận,2014,118,3521800000,2395000,5.3,2724,56.4,12,36.52,937,1465,1943,2599,5046,5.385272145,98,732800,474600,0.393076031,0.606923969
Bình Thuận,2015,117,3527900000,2395000,3.8,2915,57.3,13.4,34.67,937,1463,1938,2595,5039,5.377801494,113.3,740600,464800,0.385598142,0.614401858
Bình Thuận,2016,130,3541100000,2702000,4.4,3155,57.1,12.7,34.78,1076,1664,2158,2846,5786,5.37732342,107.3,747100,466500,0.38439354,0.61560646
Bình Thuận,2017,136,3566800000,2714000,3.6,4182,57.3,15.6,34.84,1071,1664,2158,2846,5853,5.464985994,106.4,752800,467700,0.383203605,0.616796395
Bình Thuận,2018,138,3571700000,3444000,2.6,4455,57.6,14,34.91,1163,2385,3006,3688,7029,6.043852107,120.5,758400,468800,0.382007823,0.617992177
Bình Thuận,2019,147,3730300000,3718000,2.1,4843,57.4,16.3,34.32,1300,2360,3152,3940,7883,6.063846154,133,763000,469300,0.38083259,0.619167411
Bình Thuận,2020,153,3809900000,3981000,1.6,5220,56,15.7,35.21,1919,3001,3555,4273,7193,3.74830641,112.6,767100,472100,0.380971595,0.619028405
Bình Thuận,2021,155,3822300000,4077000,1.3,5466,53.7,18.3,32.16,2415,3193,3763,4461,6573,2.72173913,99.8,766500,479800,0.384979539,0.615020461
Kon Tum,2011,2,71900000,947000,28.9,1048,56.8,15.3,35.28,356,511,679,1034,2150,6.039325843,113.5,295800,155800,0.344995571,0.655004429
Kon Tum,2013,2,67100000,1294000,22.1,1121,58.6,12.8,34.41,419,588,960,1809,2701,6.446300716,113.4,307100,166100,0.35101437,0.64898563
Kon Tum,2014,3,70300000,1587000,19,1151,59.3,12.4,34.53,496,647,1153,2201,3453,6.961693548,105.4,313400,170800,0.352746799,0.647253201
Kon Tum,2015,2,70200000,1587000,16.5,1204,57.9,15.8,33.31,496,644,1146,2193,3449,6.953629032,105.2,334300,161600,0.325872152,0.674127848
Kon Tum,2016,8,82000000,1947000,34,1281,58.5,16,34.8,639,759,1232,2497,4618,7.226917058,106.3,343100,164700,0.324340292,0.675659709
Kon Tum,2017,8,82300000,1951000,31.9,1551,57.4,16.6,35.12,633,751,1227,2497,4658,7.358609795,119.6,352200,167800,0.322692308,0.677307692
Kon Tum,2018,8,88300000,2007000,27.5,1571,57.2,18,36.18,663,854,1174,2220,5136,7.746606335,114.2,361400,171000,0.321187077,0.678812923
Kon Tum,2019,9,93900000,2147000,24.1,1644,57.5,12.9,34.72,673,865,1390,2540,5327,7.915304606,116.4,369700,173700,0.31965403,0.68034597
Kon Tum,2020,9,93900000,2375000,22,1840,55.8,16,35.54,709,1228,1962,2960,5049,7.121297602,111.3,373700,181900,0.327393809,0.672606192
Kon Tum,2021,10,246700000,2517000,20.6,1972,55.1,18.2,29.44,727,1453,2446,3113,4886,6.720770289,113.1,383500,185300,0.325773558,0.674226442
Gia Lai,2011,10,83400000,1027000,24.5,1937,59,9.3,35.96,287,478,760,1262,2346,8.174216028,133.1,933900,388500,0.293784029,0.706215971
Gia Lai,2013,11,80300000,1563000,20.8,2222,60.1,10.4,37.31,409,728,1256,2009,3417,8.354523227,108.1,960000,399100,0.29365021,0.70634979
Gia Lai,2014,11,80300000,1759000,18.1,2296,60.2,10.8,36.25,437,807,1499,2358,3715,8.501144165,106.1,970700,407100,0.295471041,0.704528959
Gia Lai,2015,5,9700000,1760000,15.7,2232,60.3,10.9,34.53,434,800,1493,2351,3705,8.536866359,99.1,1015600,410800,0.287997757,0.712002243
Gia Lai,2016,5,12200000,1946000,30.2,2616,59.8,11.2,34.46,540,854,1330,2279,4754,8.803703704,92.3,1029700,417400,0.288438947,0.711561053
Gia Lai,2017,5,12200000,1950000,27.5,3482,59.5,11,34.54,535,845,1327,2279,4790,8.953271028,121.4,1044700,424300,0.288835943,0.711164057
Gia Lai,2018,5,12200000,2586000,23.4,3611,59.2,10.4,35.46,677,1051,1796,2994,6426,9.491875923,113.1,1063100,432600,0.289229124,0.710770877
Gia Lai,2019,6,12200000,2755000,20.2,3871,59.1,12.5,35.75,691,1069,2022,3262,6751,9.769898698,92.5,1079900,440300,0.289632943,0.710367057
Gia Lai,2020,7,19900000,2314000,18.4,4502,57.4,14.9,35.75,647,1064,1571,2739,5579,8.622874807,98.2,1094600,447200,0.29005059,0.70994941
Gia Lai,2021,7,21100000,2329000,16.9,4837,57.9,15.9,29.4,602,1111,1415,2505,6039,10.03156146,119.2,1110800,458900,0.292348857,0.707651144
Đắk Lắk,2011,4,101700000,1068000,19.6,2684,55.9,10.4,35.04,298,553,786,1228,2474,8.302013423,109.2,1345900,426000,0.240419888,0.759580112
Đắk Lắk,2013,5,146400000,1639000,15.3,2744,57.3,14.5,36.52,436,817,1302,1962,3678,8.435779817,100.3,1374100,438700,0.242001324,0.757998676
Đắk Lắk,2014,6,150200000,1988000,12.6,2765,58.3,13.2,35.68,551,962,1520,2272,4685,8.502722323,103.8,1388600,444600,0.242526729,0.757473271
Đắk Lắk,2015,13,200300000,1988000,10,2858,58.1,13.3,34.54,550,955,1509,2259,4658,8.469090909,98.7,1375400,444800,0.244368751,0.755631249
Đắk Lắk,2016,13,135500000,2321000,15.4,4047,60.3,13.1,35.65,646,1100,1653,2606,5613,8.688854489,107.1,1386300,450100,0.245099107,0.754900893
Đắk Lắk,2017,15,194000000,2329000,13.5,5129,57.6,14.1,34.64,639,1094,1653,2606,5667,8.868544601,119.3,1395400,454900,0.245852024,0.754147976
Đắk Lắk,2018,16,153500000,2747000,10.9,5473,57.8,14.5,35.2,705,1397,2015,2824,6821,9.675177305,101,1402400,459100,0.246629063,0.753370937
Đắk Lắk,2019,16,153500000,2997000,9.1,5947,58.5,14.6,35.56,766,1302,2127,3277,7537,9.839425587,102.6,1409300,463300,0.247410018,0.752589982
Đắk Lắk,2020,17,301700000,2715000,7.8,6766,57.2,17.2,35.54,830,1294,2071,2991,6417,7.731325301,105.4,1420500,466500,0.247217806,0.752782194
Đắk Lắk,2021,25,635900000,2811000,7,7087,58.2,18.3,30.05,929,1316,2087,3116,6626,7.132400431,126.7,1435200,473800,0.248192771,0.751807229
Đắk Nông,2011,6,19700000,1039000,26.5,656,59.1,7.2,35.8,268,473,733,1199,2513,9.376865672,136.6,440000,75600,0.146625291,0.853374709
Đắk Nông,2013,6,19700000,1611000,21.6,759,63,9.4,36.95,364,724,1426,2053,3477,9.552197802,105.1,470300,84800,0.152765268,0.847234733
Đắk Nông,2014,6,19700000,1823000,18.4,954,61.8,8,36.92,391,968,1563,2403,3804,9.728900256,107.2,484400,86900,0.152109225,0.847890775
Đắk Nông,2015,6,19600000,1824000,15.7,1089,61.2,10.3,33.41,392,965,1554,2392,3792,9.673469388,107,492900,87600,0.150904393,0.849095607
Đắk Nông,2016,11,74200000,2327000,17.1,1215,62.8,8.7,35.89,612,1076,1568,2511,5934,9.696078431,103.6,504900,89500,0.150572005,0.849427995
Đắk Nông,2017,11,95600000,2335000,14.8,1864,60.3,12.1,34.57,606,1069,1568,2511,5990,9.884488449,158.2,513300,91600,0.151429988,0.848570012
Đắk Nông,2018,12,144400000,3029000,12.1,1956,59.6,13.9,37.05,711,1363,2163,3205,7751,10.90154712,109,521700,93700,0.152258694,0.847741307
Đắk Nông,2019,13,152100000,3234000,10.1,1996,59.1,14.1,36.21,677,1539,2626,3850,7505,11.08567208,104.3,530400,95400,0.152444871,0.847555129
Đắk Nông,2020,17,157600000,2809000,9,2221,57.5,14.3,35.44,754,1388,2366,3429,6145,8.149867374,107.3,540400,97500,0.152845274,0.847154726
Đắk Nông,2021,20,311400000,2745000,8.2,2361,58.2,15.4,28.9,766,1284,2067,3237,6418,8.378590078,110.7,556400,108000,0.162552679,0.837447321
Lâm Đồng,2011,113,496100000,1257000,11.8,2207,55.9,13,34.22,350,617,950,1464,2906,8.302857143,109.3,754000,464700,0.381307951,0.618692049
Lâm Đồng,2013,113,472400000,1848000,9.3,2642,57.2,16.3,35.49,485,966,1515,2215,4047,8.344329897,129,760600,484800,0.389272523,0.610727477
Lâm Đồng,2014,122,499500000,2498000,7.8,3294,59,14.7,36.53,712,1264,1894,2706,5928,8.325842697,116.5,768800,490500,0.389502104,0.610497896
Lâm Đồng,2015,105,481900000,2499000,6,3472,56,15.2,34.21,711,1260,1888,2701,5921,8.327707454,105.5,769900,491400,0.389598034,0.610401966
Lâm Đồng,2016,102,458600000,2963000,8.1,3810,61,16,35.2,848,1430,2238,3175,7137,8.416273585,106.2,775900,495400,0.389679855,0.610320145
Lâm Đồng,2017,108,525900000,2979000,6.9,5507,56.7,15,35.21,840,1430,2238,3175,7222,8.597619048,110.4,781700,499600,0.389916491,0.610083509
Lâm Đồng,2018,103,510800000,3640000,5.8,5878,57.5,16.6,36,942,1789,2668,3860,8957,9.508492569,107.2,786800,504600,0.390738733,0.609261267
Lâm Đồng,2019,103,520600000,3929000,4.8,6319,58.8,16.7,35.41,938,1984,3169,4504,9059,9.657782516,104.9,790300,509000,0.391749404,0.608250597
Lâm Đồng,2020,104,516800000,3742000,4,6969,58.3,18.5,33.34,1203,2214,3160,4259,7893,6.561097257,100.2,795600,514200,0.39257902,0.60742098
Lâm Đồng,2021,102,530200000,3718000,3.3,7380,58.1,20.5,31.31,1042,2076,2924,4446,8133,7.805182342,110.6,802700,519100,0.392722046,0.607277954
Bình Phước,2011,93,678900000,1526000,9.1,1811,57.1,12.3,35.86,531,814,1129,1583,3565,6.713747646,110.9,750100,151500,0.168034605,0.831965395
Bình Phước,2013,113,786900000,2218000,7,1866,59.4,14.5,35.38,703,1345,1817,2476,4740,6.742532006,112.1,765800,154900,0.168241555,0.831758445
Bình Phước,2014,128,956200000,2692000,6.7,2014,59.4,15.7,34.98,864,1595,2180,3026,5803,6.716435185,111.2,752200,180300,0.193351206,0.806648794
Bình Phước,2015,160,1213100000,2693000,6,2229,58.7,12.9,35.39,860,1589,2174,3019,5792,6.734883721,106.8,750600,196600,0.207559122,0.792440878
Bình Phước,2016,180,1436400000,3132000,6.7,2764,59.2,14.1,35.53,1039,1853,2481,3316,7004,6.741097209,106,755700,207000,0.215020256,0.784979745
Bình Phước,2017,202,1960800000,3148000,6,4046,59.3,14,37,1034,1853,2481,3316,7093,6.859767892,108.8,755900,216600,0.222724936,0.777275064
Bình Phước,2018,229,2388700000,3603000,4.4,4471,58.1,16.8,36.89,1126,1974,2721,3679,8535,7.579928952,112.3,757600,227300,0.230784851,0.769215149
Bình Phước,2019,276,2812100000,3881000,3.7,5108,59,15.8,36.47,1071,2467,3282,4418,8208,7.663865546,111.9,759200,238500,0.239049815,0.760950185
Bình Phước,2020,331,3262900000,4039000,3,5831,58.1,18.1,36.18,1304,2417,3419,4475,8614,6.605828221,111.7,768000,243000,0.240356083,0.759643917
Bình Phước,2021,379,3732400000,4002000,2.7,6216,57,19.2,29.82,1554,2622,3392,4368,8104,5.214929215,117.2,776700,247500,0.241652021,0.758347979
Tây Ninh,2011,202,1442600000,1435000,5.5,2040,58.9,9,32.54,554,771,1005,1342,3494,6.306859206,117,911900,169100,0.156429232,0.843570768
Tây Ninh,2013,214,2007500000,2100000,3.7,2194,58.5,11.6,34.89,811,1222,1537,1959,4952,6.106041924,119.2,923900,173000,0.157717203,0.842282797
Tây Ninh,2014,236,2754800000,2796000,2.9,2252,57.1,11.8,35.09,1084,1593,2053,2606,6657,6.141143911,115.5,897700,206500,0.187013222,0.812986778
Tây Ninh,2015,237,3146300000,2796000,2.1,2348,57.6,14.2,35.74,1081,1589,2051,2606,6650,6.151711378,114.1,923000,206900,0.18311355,0.81688645
Tây Ninh,2016,256,4208800000,3383000,2.5,2614,57.4,15.4,36.86,1285,1979,2539,3249,7901,6.148638132,111.8,932500,207200,0.181802229,0.818197771
Tây Ninh,2017,271,5052100000,3391000,2.2,3665,59.4,14.1,37.33,1282,1979,2539,3249,7946,6.198127925,115.5,943600,207500,0.180262358,0.819737642
Tây Ninh,2018,294,5799800000,4258000,1.7,3842,57.5,14.8,36.2,1501,2477,3224,4252,9888,6.587608261,115.8,952900,207800,0.179029896,0.820970104
Tây Ninh,2019,323,6990400000,4549000,1.2,3996,59.4,12.7,35.74,1482,2649,3928,4909,9824,6.628879892,116,963400,208300,0.177775881,0.822224119
Tây Ninh,2020,338,7680600000,4246000,1.1,4352,57.8,14.7,35.48,1674,2760,3605,4503,8708,5.201911589,107.3,797200,381100,0.323432063,0.676567937
Tây Ninh,2021,350,8503600000,4036000,0.8,4560,54.1,16,31.75,1558,2549,3347,4513,8240,5.288831836,101.5,799300,382600,0.32371605,0.67628395
Bình Dương,2011,2135,15461600000,2698000,0.2,8600,62.3,15,37.13,980,1295,1755,2441,7014,7.157142857,111.9,607200,1084200,0.64100745,0.358992551
Bình Dương,2013,2370,19488100000,3568000,0.1,11101,64.9,17,38,1138,2095,2853,3808,7905,6.946397188,111.7,639700,1162700,0.645084332,0.354915668
Bình Dương,2014,2513,20086400000,3768000,0,12069,66.1,18.1,38.9,1287,2110,2780,3683,9000,6.993006993,107.2,434700,1438800,0.76797438,0.232025621
Bình Dương,2015,2731,24026000000,3769000,0,13245,65.2,16.8,32.86,1282,2102,2774,3671,8945,6.977379095,109.3,481700,1587500,0.767204717,0.232795283
Bình Dương,2016,3050,26599700000,5306000,1.1,15229,62.6,16.1,32.59,1887,2933,3737,4857,13171,6.979862215,108.1,506500,1632300,0.763184964,0.236815037
Bình Dương,2017,3305,30339000000,5005000,0.9,22976,64.9,18.7,33.49,1671,2933,3739,4919,11819,7.073010174,110.4,530300,1696900,0.761898348,0.238101652
Bình Dương,2018,3519,31758500000,6823000,0.7,27566,65,20.6,36.2,2177,4001,5012,6795,16171,7.428112081,108.4,469500,1875700,0.799803855,0.200196145
Bình Dương,2019,3778,34341600000,7433000,0.6,31599,65.3,21.9,36.38,2152,4454,6396,8183,15993,7.43169145,109,494500,1961900,0.798689139,0.201310861
Bình Dương,2020,3937,37579600000,7034000,0.1,34836,61.9,20.1,34.89,3105,4709,6085,8203,13119,4.225120773,106.1,402400,2178200,0.844067271,0.155932729
Bình Dương,2021,4022,37791600000,7123000,0,37668,62.4,21,34.82,3581,5033,6548,8088,12380,3.457134879,103,407100,2189700,0.843230129,0.156769871
Đồng Nai,2011,1075,18200400000,1763000,3,7944,57.5,12.3,35.66,576,1022,1450,1941,3823,6.637152778,111.8,1762800,895200,0.336794582,0.663205418
Đồng Nai,2013,1162,19336200000,2577000,1.8,8575,56.2,16.1,35.68,895,1572,2125,2803,5475,6.117318436,107.6,1824700,948000,0.341905002,0.658094998
Đồng Nai,2014,1241,21645400000,3503000,1.2,8782,56.4,15,35.22,1274,2103,2757,3605,7787,6.112244898,107.6,1860400,978200,0.344606496,0.655393504
Đồng Nai,2015,1350,24025900000,3504000,0.8,9188,56.4,18.6,35.63,1273,2101,2753,3599,7775,6.107619796,107.7,1935800,954200,0.33017301,0.66982699
Đồng Nai,2016,1368,25871500000,4414000,0.8,13130,54,20.6,34.86,1665,2634,3344,4266,10172,6.109309309,107.5,1977600,973700,0.329922407,0.670077593
Đồng Nai,2017,1472,27349600000,4328000,0.7,18865,56,21.5,36.9,1581,2634,3344,4297,9794,6.194813409,108.6,2014300,990600,0.329661553,0.670338447
Đồng Nai,2018,1560,28658800000,5299000,0.5,21183,53.2,20.1,35.64,1902,3130,3979,5154,12363,6.5,108.7,2048700,1006300,0.329394435,0.670605565
Đồng Nai,2019,1662,31233100000,5860000,0.3,22398,55.8,20,37.2,2038,3157,4690,6145,13290,6.521099117,108.3,1742000,1371800,0.440554949,0.559445051
Đồng Nai,2020,1742,31754600000,5621000,0.3,24270,54.6,22.5,35.98,2630,4041,5074,6355,10025,3.811787072,103.6,1770700,1406700,0.442720463,0.557279537
Đồng Nai,2021,1796,33999300000,5751000,0.3,25055,54.3,21.9,30.42,2076,3674,4760,6025,12120,5.838150289,103.6,1750500,1418600,0.447634975,0.552365025
TP. Hồ Chí Minh,2011,3967,32019600000,2737000,0.1,104299,50.9,29.3,36.77,965,1542,2018,2727,6429,6.662176166,107.2,1269700,6248200,0.831109751,0.168890249
TP. Hồ Chí Minh,2013,4809,34852300000,3653000,0,120724,51,31.6,37.33,1302,2076,2752,3664,8447,6.487711214,106.3,1340800,6479200,0.8285422,0.171457801
TP. Hồ Chí Minh,2014,5271,38275800000,4839000,0,136267,50.9,32.5,37.1,1837,2703,3386,4377,11919,6.488296135,106.8,1427200,6554700,0.821195455,0.178804545
TP. Hồ Chí Minh,2015,5886,42366800000,4840000,5,148886,52,34,34.22,1838,2702,3383,4371,11895,6.471708379,107.2,1580300,6727600,0.809783459,0.190216541
TP. Hồ Chí Minh,2016,6762,45293400000,5481000,0.2,171250,50.9,34.8,34.91,2107,2996,3772,4916,13635,6.471286189,107.3,1650200,6829000,0.805382583,0.194617417
TP. Hồ Chí Minh,2017,7333,43879300000,5109000,0.1,204918,51.5,36.6,35.88,1829,2996,3775,4978,11985,6.552761072,107.9,1721200,6928500,0.80101044,0.19898956
TP. Hồ Chí Minh,2018,8123,45194300000,6177000,0.1,228267,51.7,36.8,34.74,1928,4076,5057,6595,13262,6.878630705,108,1798200,7045100,0.796659618,0.203340382
TP. Hồ Chí Minh,2019,9202,47379100000,6758000,0.1,239623,51.9,37.1,36.63,2092,4162,5755,7394,14394,6.880497132,107.3,1877000,7161500,0.792332799,0.207667201
TP. Hồ Chí Minh,2020,9942,48222500000,6537000,0,254699,49.7,38.7,35.7,3406,4721,5653,7051,11868,3.484439225,95.4,1936700,7290900,0.790118774,0.209881226
TP. Hồ Chí Minh,2021,10394,52921600000,6008000,0,268465,47.3,35.6,30.29,2816,3741,4689,7067,11763,4.177201705,85.7,1927200,7239600,0.789763058,0.210236942
Long An,2011,406,3365900000,1289000,6.6,3236,56.7,8.5,39.84,435,717,1006,1414,2873,6.604597701,117.7,1191800,258100,0.178012277,0.821987723
Long An,2013,499,3776000000,1956000,6,3359,60.4,11.4,39.74,620,1220,1652,2197,4087,6.591935484,113.8,1204900,265000,0.180284373,0.819715627
Long An,2014,588,4231100000,2429000,5.4,3912,59.3,10.9,38.85,796,1445,1992,2672,5260,6.608040201,111.6,1211000,266300,0.180261288,0.819738713
Long An,2015,760,5406000000,2430000,5,4623,58.7,11.7,38.95,794,1441,1987,2666,5246,6.607052897,112.8,1355800,270500,0.166328476,0.833671524
Long An,2016,873,6500200000,3225000,4.8,5110,59,12.6,36.71,1078,1926,2575,3462,7118,6.60296846,113.5,1373900,271300,0.164903963,0.835096037
Long An,2017,962,6970700000,3242000,4,7831,58.8,14.6,38.3,1075,1926,2575,3462,7208,6.705116279,116.2,1390500,271800,0.163508392,0.836491608
Long An,2018,1042,7396400000,4215000,2.9,8883,58.8,16.1,36.17,1421,2359,3073,4092,10162,7.1513019,116.5,1406700,272200,0.162129966,0.837870034
Long An,2019,1170,7900800000,4544000,2.5,9694,59.1,16.7,35.54,1351,2581,3893,5228,9739,7.208734271,115.1,1422600,272500,0.160757477,0.839242523
Long An,2020,1233,8498900000,4232000,2,10476,58.9,15.9,36.8,1314,2737,3601,4743,8788,6.687975647,108,1401100,312500,0.182364613,0.817635388
Long An,2021,1253,12270700000,3725000,1.7,11088,56.3,15.1,31.43,1376,2414,3127,4244,7489,5.442587209,96.8,1409300,316500,0.183393209,0.816606791
Tiền Giang,2011,43,859200000,1313000,10,2813,57.2,10.2,37.67,432,719,1003,1430,2979,6.895833333,115.6,1417200,265400,0.157732081,0.842267919
Tiền Giang,2013,59,1295700000,1941000,8.3,2989,61.9,9.7,38.65,622,1099,1541,2152,4277,6.876205788,112.1,1452100,251300,0.147528473,0.852471528
Tiền Giang,2014,70,1439400000,2595000,7.1,2944,60.3,8.9,35.62,850,1536,2038,2770,5836,6.865882353,108.1,1451700,264400,0.154070276,0.845929724
Tiền Giang,2015,78,1532500000,2596000,6.3,2989,61.6,12.7,34.06,849,1533,2034,2760,5801,6.832744405,115.2,1486700,242000,0.139989588,0.860010412
Tiền Giang,2016,99,2069200000,3122000,5.7,3541,61.8,11.7,36.56,1033,1819,2447,3269,7055,6.829622459,114.8,1496500,243600,0.139991955,0.860008046
Tiền Giang,2017,104,2201600000,3139000,4.7,4165,61.6,10.2,35.64,1028,1819,2447,3269,7144,6.949416342,115,1506600,245300,0.140019408,0.859980593
Tiền Giang,2018,114,2192000000,3983000,3.2,4347,63.1,11.8,35.2,1183,2413,3157,4101,9090,7.683854607,112.1,1512800,246300,0.14001478,0.85998522
Tiền Giang,2019,117,2581200000,4296000,2.6,4512,62.6,11.7,35.77,1176,2885,3633,4712,9087,7.727040816,111.1,1519000,247300,0.140010191,0.859989809
Tiền Giang,2020,126,2745100000,4534000,2,4853,61,14.2,36.47,1729,2847,3634,5240,9239,5.343551186,101.6,1520600,251900,0.142115656,0.857884344
Tiền Giang,2021,128,2885000000,3932000,1.7,5060,55.3,13.8,28.86,1524,2617,3356,4372,7816,5.128608924,97.2,1525800,253600,0.142519951,0.85748005
Bến Tre,2011,23,177900000,1200000,14.1,1707,60.8,9.3,37.13,421,640,859,1208,2870,6.817102138,108.4,1131600,126100,0.100262384,0.899737616
Bến Tre,2013,37,321900000,1580000,11.9,1808,60.6,8.5,37.65,503,845,1213,1765,3551,7.059642147,111.9,1133300,127200,0.100912336,0.899087664
Bến Tre,2014,46,404700000,2161000,10.2,1792,63.6,9.4,36.57,702,1192,1683,2290,4971,7.081196581,102.7,1133000,129200,0.102360957,0.897639043
Bến Tre,2015,55,591100000,2162000,8.6,1925,62.5,12.6,36.85,702,1192,1681,2284,4954,7.056980057,108.5,1149700,126100,0.098839944,0.901160056
Bến Tre,2016,56,781400000,2442000,10.1,2094,62.6,12.2,38.37,778,1343,1993,2676,5518,7.092544987,106.5,1152500,126100,0.098623494,0.901376506
Bến Tre,2017,59,865300000,2450000,8.7,2925,62.6,12.9,39.52,770,1342,1933,2676,5569,7.232467532,108,1156200,126200,0.098409233,0.901590767
Bến Tre,2018,61,1053600000,3408000,6.7,3169,63.2,9.2,38.56,1049,1754,2487,3711,8066,7.689227836,113.8,1159700,126300,0.098211509,0.901788491
Bến Tre,2019,64,1079400000,3685000,5.6,3065,63.2,11.6,39.93,1138,1795,2787,3860,8895,7.816344464,109.6,1162700,126400,0.098052905,0.901947095
Bến Tre,2020,62,1611900000,3544000,5,3326,62.8,12.6,38.18,1090,1965,2782,3840,8065,7.399082569,104,1165700,126700,0.098034664,0.901965336
Bến Tre,2021,64,1583900000,3367000,4.6,3473,58.7,12.9,29.28,1129,1809,2685,3799,7432,6.582816652,94.8,1167400,128300,0.099019835,0.900980165
Trà Vinh,2011,30,146500000,1089000,21.1,1025,58.9,7.8,31.93,336,549,778,1199,2571,7.651785714,115.2,853400,158700,0.156802688,0.843197313
Trà Vinh,2013,31,196900000,1398000,16.4,1138,58,12.3,36.96,401,717,1035,1490,3325,8.291770574,106.3,854500,169400,0.165445844,0.834554156
Trà Vinh,2014,33,207000000,2098000,13.9,1147,58.5,13,35.82,580,1094,1648,2372,4825,8.318965517,110.4,856300,172900,0.167994559,0.832005441
Trà Vinh,2015,27,2684100000,2098000,12,1228,57.6,10.4,35.25,577,1091,1640,2362,4805,8.327556326,112.6,840300,166500,0.165375447,0.834624553
Trà Vinh,2016,33,2940600000,2213000,13.9,1417,57.8,11.7,33.62,628,1190,1663,2403,5201,8.281847134,117.3,839200,168400,0.167129813,0.832870187
Trà Vinh,2017,37,3080500000,2220000,12,1765,57.8,12.1,36.33,622,1185,1663,2403,5245,8.432475884,143,838300,169800,0.168435671,0.831564329
Trà Vinh,2018,39,3231200000,2869000,9.9,1878,57,10.9,35.55,778,1521,2161,3003,6908,8.879177378,114.3,836800,172000,0.170499604,0.829500397
Trà Vinh,2019,43,3330700000,3138000,8.4,2037,55.9,11.8,36.41,806,1631,2543,3461,7268,9.017369727,127.7,835200,174100,0.172495789,0.827504211
Trà Vinh,2020,42,3332400000,3437000,7.4,2301,54.5,11.6,35.97,1068,1889,2548,3315,8395,7.860486891,111.5,834100,175800,0.174076641,0.825923359
Trà Vinh,2021,43,3344300000,3290000,6.6,2436,50.8,10.8,30.22,964,1462,2436,3551,8090,8.392116183,88.1,840300,178400,0.17512516,0.824874841
Vĩnh Long,2011,19,91400000,1239000,9.2,1539,58.6,9.1,35.8,455,719,983,1318,2717,5.971428571,113.3,869800,159300,0.154795452,0.845204548
Vĩnh Long,2013,24,97400000,1744000,7.4,1703,58.5,9.9,37.55,599,1056,1454,1970,3624,6.050083472,112,863800,174000,0.167662363,0.832337637
Vĩnh Long,2014,27,131200000,2204000,6.3,1722,59.1,12,39.73,797,1249,1751,2452,4784,6.00250941,109.8,866300,175200,0.168218915,0.831781085
Vĩnh Long,2015,27,234200000,2204000,5.4,1772,59.3,13.8,36.74,793,1244,1746,2445,4773,6.018915511,111.6,854400,168800,0.164972635,0.835027365
Vĩnh Long,2016,38,478700000,2372000,9.3,1876,58.2,14.4,36.08,835,1391,1875,2642,5131,6.14491018,111.3,853800,169100,0.165314303,0.834685698
Vĩnh Long,2017,38,552600000,2378000,7.9,2419,58.4,15.7,37.66,827,1391,1875,2642,5171,6.252720677,109.1,853200,169400,0.165656171,0.83434383
Vĩnh Long,2018,47,604800000,3089000,6.5,2454,58.8,18.1,35.98,1035,1779,2368,3318,6957,6.72173913,109.6,853000,169700,0.165933314,0.834066686
Vĩnh Long,2019,62,741600000,3329000,5.8,2483,59.4,15.3,35.54,1080,1765,2718,3717,7380,6.833333333,115,852800,169800,0.16604733,0.83395267
Vĩnh Long,2020,62,817700000,3201000,5.1,2663,57.6,15.8,35.64,1040,1863,2617,3598,6918,6.651923077,97.5,790900,232100,0.22688172,0.77311828
Vĩnh Long,2021,67,874700000,3173000,4.6,2792,55.5,15.6,30.87,1094,1912,2603,3432,6864,6.274223035,93.3,795300,233700,0.227113703,0.772886297
Đồng Tháp,2011,16,46800000,1138000,12.9,1713,58.2,7.4,37.22,335,635,869,1195,2650,7.910447761,119.3,1376100,297100,0.177563949,0.822436051
Đồng Tháp,2013,19,61500000,1666000,10.2,2032,57.2,9.1,34.51,518,834,1161,1676,4129,7.971042471,106.8,1378900,299500,0.178443756,0.821556244
Đồng Tháp,2014,20,91500000,2134000,8.6,2100,59.1,8.7,0,668,1106,1540,2270,5104,7.640718563,108.9,1380300,301000,0.179028133,0.820971867
Đồng Tháp,2015,17,105500000,2134000,7.2,2160,58.7,11,37.91,665,1104,1539,2266,5092,7.657142857,109.8,1333000,292700,0.180045519,0.819954481
Đồng Tháp,2016,18,118200000,2678000,8,2420,64.4,11.6,37.88,836,1389,1946,2824,6404,7.660287081,104.7,1326900,292100,0.180420012,0.819579988
Đồng Tháp,2017,21,169400000,2691000,6.9,3042,59,15.3,37.34,827,1389,1946,2824,6479,7.834340992,107,1320900,291600,0.180837209,0.819162791
Đồng Tháp,2018,16,157200000,3499000,5.6,3266,64.2,11.4,25.33,978,1906,2659,3523,8463,8.653374233,107.2,1313800,292300,0.181993649,0.818006351
Đồng Tháp,2019,18,168700000,3777000,4.7,3404,57.4,13.5,38.19,931,2540,3254,4061,8138,8.741138561,108.3,1294100,304700,0.190580435,0.809419565
Đồng Tháp,2020,19,172100000,3965000,4,3611,55.9,15,39.16,1866,3002,3644,4472,6854,3.673097535,101.8,1293900,306100,0.1913125,0.8086875
Đồng Tháp,2021,22,232800000,4199000,3.7,3717,54.3,14.3,30.6,1791,3055,3763,4620,7786,4.347292016,91.5,1278100,323200,0.201836008,0.798163992
An Giang,2011,16,121800000,1319000,8.5,2231,59.2,8,33.38,425,713,991,1413,3051,7.178823529,108.9,1508400,643100,0.298907739,0.701092261
An Giang,2013,17,86700000,1871000,6.2,2515,57.8,10.6,35.04,615,985,1322,1845,4578,7.443902439,105.1,1499400,653900,0.303673432,0.696326569
An Giang,2014,27,255500000,2471000,5,2509,55.3,9.8,37.14,827,1256,1723,2415,6150,7.436517533,102.6,1503500,652300,0.302579089,0.697420911
An Giang,2015,27,204000000,2472000,3.9,2886,55.5,9,34.29,826,1254,1720,2409,6125,7.415254237,105,1394200,606600,0.303178729,0.696821272
An Giang,2016,26,182100000,2909000,7.6,3023,55.9,10.1,35.63,964,1514,2078,2862,7144,7.410788382,105.7,1370600,605800,0.306516899,0.693483101
An Giang,2017,25,198200000,2892000,6.8,4414,54.6,12.5,37.51,936,1514,2078,2862,7083,7.567307692,106.9,1348600,605600,0.309896633,0.690103367
An Giang,2018,25,208100000,3559000,5.7,4470,54.8,13.6,36.18,1008,2029,2716,3643,8423,8.356150794,108.9,1326000,605000,0.313309166,0.686690834
An Giang,2019,26,267600000,3841000,4.9,4449,51,14.6,36.09,1046,2049,3109,4176,8887,8.496175908,109.9,1304800,602600,0.315927441,0.68407256
An Giang,2020,27,270900000,3338000,4,4794,50.5,13.9,36.85,1165,2124,2953,3864,6589,5.655793991,103.3,1302900,601600,0.315883434,0.684116566
An Giang,2021,29,292800000,3406000,3.5,4856,46.3,13.4,31.36,1141,1998,2830,3769,7315,6.411042945,103.1,1263500,646000,0.338308458,0.661691542
Kiên Giang,2011,28,3024800000,1316000,8.1,3412,57.3,9.9,34.75,390,641,940,1349,3245,8.320512821,109.1,1246600,465500,0.271888324,0.728111676
Kiên Giang,2013,34,2915600000,1963000,5.6,3479,55.7,9.7,35.52,575,929,1356,2030,4911,8.540869565,108.9,1258000,476300,0.2746353,0.725364701
Kiên Giang,2014,38,2925100000,2642000,4.5,3793,56.8,9.3,35.32,792,1300,1834,2529,6798,8.583333333,106.2,1280600,464900,0.266342022,0.733657978
Kiên Giang,2015,38,2957600000,2642000,3.6,4091,54.7,10.9,34.44,788,1295,1828,2522,6763,8.58248731,108.6,1232000,473400,0.277588836,0.722411165
Kiên Giang,2016,42,3076000000,3001000,8.2,4791,54.7,12.3,33.2,875,1439,2067,2973,7681,8.778285714,106.3,1231800,476900,0.279101071,0.720898929
Kiên Giang,2017,48,4371300000,3016000,7.1,6782,54.2,10.8,35.71,866,1439,2067,2973,7767,8.968822171,108.5,1232300,480600,0.2805768,0.7194232
Kiên Giang,2018,51,4724500000,3779000,5.8,7375,53.5,15.4,35.01,905,2150,2921,3959,8968,9.909392265,108,1233500,484600,0.282055759,0.717944241
Kiên Giang,2019,60,4802200000,4079000,4.8,7276,53.5,13.6,35.69,1001,2167,2947,4267,10085,10.07492507,111.4,1234900,488800,0.283576028,0.716423972
Kiên Giang,2020,62,4808100000,4369000,4.1,7777,51.3,14.8,34.75,1351,2332,3185,4314,10698,7.91857883,104,1237100,491800,0.284458326,0.715541674
Kiên Giang,2021,62,4808100000,3986000,3.6,8071,50.1,15.7,29.27,1149,2131,3017,4215,9453,8.227154047,101.1,1248000,504400,0.287833828,0.712166172
Cần Thơ,2011,56,850800000,1540000,6.6,4302,55.4,13,35.61,516,894,1220,1624,3437,6.660852713,110.8,407600,795100,0.661095868,0.338904132
Cần Thơ,2013,64,781700000,2325000,5.3,3804,55.5,15.2,37.38,767,1298,1793,2481,5264,6.863102999,107.7,410800,817700,0.665608466,0.334391534
Cần Thơ,2014,72,817400000,2672000,4.5,4247,55.1,16.9,34.22,923,1560,2113,2830,5953,6.449620802,108.2,412400,825900,0.666962772,0.333037229
Cần Thơ,2015,74,799200000,2673000,3.1,4649,58.8,19.1,39.34,924,1557,2109,2825,5939,6.427489177,107.3,384400,824100,0.681919735,0.318080265
Cần Thơ,2016,81,618200000,3347000,4.6,5832,54.7,19.9,39.57,1180,1903,2500,3382,7822,6.628813559,108.8,381600,833000,0.685822493,0.314177507
Cần Thơ,2017,76,643600000,3365000,3.9,7465,58.3,21.1,38.3,1176,1903,2500,3382,7917,6.732142857,107.2,379800,842700,0.689325153,0.310674847
Cần Thơ,2018,82,693000000,4371000,2.7,7824,58.5,24.2,37.32,1476,2371,3214,4238,10575,7.164634146,107.8,377100,850600,0.69284027,0.30715973
Cần Thơ,2019,85,725800000,4713000,2.2,8471,56.7,16.4,38.45,1494,2483,3778,5037,10799,7.228246319,107.7,374700,861300,0.69684466,0.30315534
Cần Thơ,2020,83,739400000,5031000,2,9088,55.9,20.6,35.94,1471,2692,3598,4754,12710,8.640380693,96.5,371900,868800,0.700249859,0.299750141
Cần Thơ,2021,84,2052900000,4794000,1.8,9622,45.1,24.2,30.12,1842,2745,3584,5904,9990,5.423452769,94.7,370100,876900,0.703207699,0.296792302
Hậu Giang,2011,9,673500000,1098000,16.5,887,57.6,8.2,34.3,358,583,815,1184,2539,7.092178771,126.8,586000,181600,0.236581553,0.763418447
Hậu Giang,2013,17,692500000,1527000,14,1217,59.1,8.6,37.81,467,822,1196,1695,3453,7.394004283,104.5,582800,183400,0.239363091,0.760636909
Hậu Giang,2014,18,697500000,2088000,12.4,1238,58.3,9.7,36.58,656,1177,1560,2233,4844,7.384146341,95,582300,186000,0.242092932,0.757907068
Hậu Giang,2015,20,1351200000,2088000,9.9,1345,58.1,11.7,33.76,652,1176,1558,2220,4817,7.38803681,106.2,571300,171100,0.23046875,0.76953125
Hậu Giang,2016,19,792700000,2601000,10.7,1551,60.2,9.8,34.63,838,1420,1909,2675,6188,7.38424821,107.3,565000,175000,0.236486487,0.763513514
Hậu Giang,2017,21,793600000,2611000,9.4,1843,61,9,36.17,831,1420,1909,2675,6247,7.517448857,109.6,558300,178900,0.242674986,0.757325014
Hậu Giang,2018,21,450100000,3548000,7.3,1899,60.3,9.7,34.35,1005,2101,2743,3572,8352,8.310447761,111.2,551900,183000,0.249013471,0.750986529
Hậu Giang,2019,23,519800000,3871000,6.2,1998,55.7,10.8,36.02,1080,1860,3140,4199,9126,8.45,110.2,534400,197700,0.270045076,0.729954924
Hậu Giang,2020,23,522500000,3974000,5.6,2236,53.6,14.2,36.05,1384,2419,3111,4275,8697,6.283959538,108.1,525700,204100,0.279665662,0.720334338
Hậu Giang,2021,29,686100000,3761000,5.2,2349,51.3,13.5,30.77,1280,2432,3099,4160,7857,6.13828125,104.8,517200,212700,0.291409782,0.708590218
Sóc Trăng,2011,9,29600000,1029000,20.5,1297,55.8,7.7,35.13,342,538,711,1044,2507,7.330409357,107.5,941000,359200,0.27626519,0.72373481
Sóc Trăng,2013,11,35400000,1324000,17.7,1490,54.1,13.5,36.15,406,704,994,1447,3064,7.54679803,104.7,932200,372400,0.285451479,0.714548521
Sóc Trăng,2014,12,105600000,1912000,15.6,1449,52.4,10.4,35.78,567,1178,1502,2000,4325,7.627865961,125.4,890200,417600,0.31931488,0.68068512
Sóc Trăng,2015,13,118600000,1913000,12,1591,51.8,9.7,35.27,567,1177,1500,1996,4316,7.611992945,103.5,860500,375800,0.303971528,0.696028472
Sóc Trăng,2016,14,123600000,2536000,10.2,1693,52.3,9.8,35.48,829,1348,1778,2453,6306,7.606755127,111.5,848300,379300,0.308976865,0.691023135
Sóc Trăng,2017,13,126300000,2548000,8.7,2136,53.8,10.4,35.1,821,1348,1778,2453,6375,7.764920828,110.8,835800,382500,0.313962078,0.686037922
Sóc Trăng,2018,15,240600000,3652000,6.7,2324,53.7,11.4,36.02,1128,1817,2419,3231,9689,8.589539007,106.8,823300,385500,0.318911317,0.681088683
Sóc Trăng,2019,15,247400000,3898000,5.6,2412,53.3,12.2,35.75,965,2155,3366,4605,8419,8.724352332,107.9,811000,388500,0.323884952,0.676115048
Sóc Trăng,2020,17,299100000,3635000,5,2676,52.7,15.2,33.79,1290,2230,3046,4012,7624,5.910077519,116.3,809100,386600,0.323325249,0.676674751
Sóc Trăng,2021,14,228800000,3246000,4.7,2813,49.5,11.9,30.2,1330,2276,2950,3788,5912,4.445112782,99,815400,391400,0.324328803,0.675671197
Bạc Liêu,2011,17,89200000,1273000,12.9,892,56.7,6.5,34.28,396,705,985,1382,2893,7.305555556,113,637200,234200,0.26876291,0.73123709
Bạc Liêu,2013,18,89600000,2035000,10.7,896,55.7,9.7,34.76,586,1251,1795,2392,4141,7.066552901,105.3,634300,239300,0.273923993,0.726076007
Bạc Liêu,2014,19,94500000,2213000,9.5,850,56,9.6,36.01,682,1326,1844,2434,4798,7.035190616,105.2,646500,231400,0.263583552,0.736416448
Bạc Liêu,2015,17,94200000,2214000,8.4,868,56,9,34.96,678,1317,1839,2431,4781,7.051622419,114.1,646000,241300,0.271948608,0.728051392
Bạc Liêu,2016,16,74800000,2312000,13.3,1225,54.3,9.9,33.34,716,1322,1888,2600,5045,7.046089385,103.4,648700,244100,0.273409498,0.726590502
Bạc Liêu,2017,11,71500000,2319000,11.5,1587,55.2,11.3,38.72,708,1320,1888,2600,5088,7.186440678,109,651000,246700,0.274813412,0.725186588
Bạc Liêu,2018,11,439900000,2699000,9.4,1779,55.3,8.2,35.27,703,1824,2394,3189,5420,7.709815078,112.3,653500,249500,0.276301218,0.723698782
Bạc Liêu,2019,13,553400000,2965000,7.9,1882,55.1,8.8,35.72,853,1779,2340,3196,6687,7.839390387,112.4,656000,252300,0.277771661,0.722228339
Bạc Liêu,2020,13,4551000000,3338000,6.7,2078,53.8,10.3,34.91,1463,2491,2869,3614,6269,4.285030759,104.1,659800,253600,0.277643968,0.722356032
Bạc Liêu,2021,14,4551000000,3642000,5.8,2194,51.2,10.7,33.01,1832,2839,3424,3960,6169,3.367358079,109.3,663600,254900,0.277517692,0.722482308
Cà Mau,2011,6,780100000,1250000,10.9,2156,55,5.5,35.48,363,675,947,1375,2886,7.950413223,101.1,951300,260900,0.21522851,0.78477149
Cà Mau,2013,8,785600000,1779000,6.6,2302,55.6,7.5,34.58,578,887,1192,1646,4565,7.897923875,112.4,940900,273300,0.225086477,0.774913523
Cà Mau,2014,9,788600000,2154000,5.7,2291,56.4,7.1,37.17,650,1120,1580,2286,5143,7.912307692,109.1,942000,274400,0.22558369,0.77441631
Cà Mau,2015,9,789500000,2154000,4.7,2461,55.6,10.2,35.82,648,1118,1576,2277,5130,7.916666667,100.8,933600,266000,0.22174058,0.77825942
Cà Mau,2016,11,793400000,2364000,11.9,2813,56.6,10.2,34.22,725,1199,1660,2380,5871,8.097931034,98.2,930800,267300,0.223103247,0.776896753
Cà Mau,2017,11,40300000,2372000,10.1,3400,55.5,10.4,34.95,718,1194,1660,2380,5923,8.249303621,103.4,928200,268800,0.224561404,0.775438597
Cà Mau,2018,11,70200000,2986000,8.3,3406,56.3,12.5,36.64,755,1741,2395,3238,6809,9.018543046,108.2,925300,270300,0.226078956,0.773921044
Cà Mau,2019,11,146700000,3214000,6.9,3406,56.7,12.3,36.99,812,1639,2604,3611,7442,9.165024631,106.1,922600,271700,0.227497279,0.772502721
Cà Mau,2020,10,150100000,3034000,5.9,3573,55,13,36.3,913,1535,2427,3363,6958,7.621029573,104.3,922800,271100,0.227070944,0.772929056
Cà Mau,2021,11,157800000,3239000,5.2,3659,48.3,14.1,31.02,922,1700,2627,3680,7292,7.908893709,100,933400,275300,0.227765368,0.772234632